fid,latitude,longitude,full_id,osm_id,osm_type,addr_city,addr_stree,amenity,cuisine,name,name_en,name_ko,name_ru,opening_ho,branch,brand,brand_wiki,brand_wi_1,takeaway,addr_house,addr_floor,addr_hou_1,addr_postc,addr_str_1,level,email,operator,phone,addr_provi,delivery,garmin_des,outdoor_se,source_url,contributo,brand_face,brand_webs,drive_thro,name_ja,payment_ca,smoking,ele,name_zh,building_l,roof_mater,wall_mater,drive_in,alt_name,internet_a,wheelchair,addr_place,int_name,mapillary,entrance,building,addr_town,ref_vatin,baby_feedi,door,addr_quart,website,access,highway,air_condit,opening__1,addr_distr,previously,addr_regio,addr_zip,postal_cod,government,ph_contrib,atm,capacity,addr_villa,tactile_pa,access_cov,delivery_c,drive_th_1,takeaway_c,camera_mou,camera_typ,man_made,surveillan,surveill_1,survey_dat,payment_el,descriptio,layer,path
1,14.7067282,121.0698932,n4072736686,4072736686,node,,,fast_food,burger,McDonald's,McDonald's,디몰 맥도날드,Макдональдс,,Regalado,,,,,,,,,,,,,,,,,,,,,,,,,,,,,,,,,,,,,,,,,,,,,,,,,,,,,,,,,,,,,,,,,,,,,,,,,OsmQuery,"Point?crs=EPSG:4326&field=full_id:string(0,0)&field=osm_id:string(0,0)&field=osm_type:string(0,0)&field=addr%3Acity:string(0,0)&field=addr%3Astreet:string(0,0)&field=amenity:string(0,0)&field=cuisine:string(0,0)&field=name:string(0,0)&field=name%3Aen:str"
2,14.5914713,121.0596571,n4242562887,4242562887,node,,,fast_food,burger,McDonald's,McDonald's,디몰 맥도날드,Макдональдс,,,,,,,,,,1110,,,,,,,,,,,,,,,,,,,,,,,,,,,,,,,,,,,,,,,,,,,,,,,,,,,,,,,,,,,,,,,,,OsmQuery,"Point?crs=EPSG:4326&field=full_id:string(0,0)&field=osm_id:string(0,0)&field=osm_type:string(0,0)&field=addr%3Acity:string(0,0)&field=addr%3Astreet:string(0,0)&field=amenity:string(0,0)&field=cuisine:string(0,0)&field=name:string(0,0)&field=name%3Aen:str"
3,14.5998806,120.9797243,n4270773889,4270773889,node,Manila,Ronquillo,fast_food,burger,McDonald's,McDonald's,디몰 맥도날드,Макдональдс,,,McDonald's,Q38076,en:McDonald's,yes,,,,,,,,,,,,,,,,,,,,,,,,,,,,,,,,,,,,,,,,,,,,,,,,,,,,,,,,,,,,,,,,,,,,,OsmQuery,"Point?crs=EPSG:4326&field=full_id:string(0,0)&field=osm_id:string(0,0)&field=osm_type:string(0,0)&field=addr%3Acity:string(0,0)&field=addr%3Astreet:string(0,0)&field=amenity:string(0,0)&field=cuisine:string(0,0)&field=name:string(0,0)&field=name%3Aen:str"
4,14.666149,121.070646,n4117794189,4117794189,node,,Luzon Avenue,fast_food,burger,McDonald's,McDonald's,디몰 맥도날드,Макдональдс,Mo-Su 08:00-22:00,Luzon Avenue,,,,,,,,,,,,,,,,,,,,,,,,,,,,,,,,,,,,,,,,,,,,,,,,,,,,,,,,,,,,,,,,,,,,,,,,,OsmQuery,"Point?crs=EPSG:4326&field=full_id:string(0,0)&field=osm_id:string(0,0)&field=osm_type:string(0,0)&field=addr%3Acity:string(0,0)&field=addr%3Astreet:string(0,0)&field=amenity:string(0,0)&field=cuisine:string(0,0)&field=name:string(0,0)&field=name%3Aen:str"
5,14.6210183,121.0634812,n4158952990,4158952990,node,Quezon City,P. Tuazon Boulevard,fast_food,burger,McDonald's,McDonald's,디몰 맥도날드,Макдональдс,24/7,Metrolane,McDonald's,Q38076,en:McDonald's,yes,Metrolane Complex,,,,20th Avenue,,,,+632 9129364;+632 86236,,,,,,,,,,,,,,,,,,,,,,,,,,,,,,,Project 4,https://www.mcdonalds.com.ph,,,,,,,,,,,,,,,,,,,,,,,,,,,,OsmQuery,"Point?crs=EPSG:4326&field=full_id:string(0,0)&field=osm_id:string(0,0)&field=osm_type:string(0,0)&field=addr%3Acity:string(0,0)&field=addr%3Astreet:string(0,0)&field=amenity:string(0,0)&field=cuisine:string(0,0)&field=name:string(0,0)&field=name%3Aen:str"
6,14.4560568,121.0098161,n4419094193,4419094193,node,,Aguirre Avenue,fast_food,burger,McDonald's,,,,,,McDonald's,Q38076,en:McDonald's,,,,318,1718,,,,,,,,,,,,,,,,,,,,,,,,,,,,,,,,,,,,,,,,,,,,,,,,,,,,,,,,,,,,,,,,,OsmQuery,"Point?crs=EPSG:4326&field=full_id:string(0,0)&field=osm_id:string(0,0)&field=osm_type:string(0,0)&field=addr%3Acity:string(0,0)&field=addr%3Astreet:string(0,0)&field=amenity:string(0,0)&field=cuisine:string(0,0)&field=name:string(0,0)&field=name%3Aen:str"
7,14.6260314,121.0839737,n4420027689,4420027689,node,Marikina,Marcos Highway,fast_food,burger,McDonald's,McDonald's,디몰 맥도날드,Макдональдс,Mo-Su 10:00-21:00,,McDonald's,Q38076,en:McDonald's,yes,SM City Marikina,,,1801,,0,,,,,,,,,,,,,,,,,,,,,,,,,Calumpang,,,,,,,,,,,,,,,,,,,,,,,,,,,,,,,,,,,,,,OsmQuery,"Point?crs=EPSG:4326&field=full_id:string(0,0)&field=osm_id:string(0,0)&field=osm_type:string(0,0)&field=addr%3Acity:string(0,0)&field=addr%3Astreet:string(0,0)&field=amenity:string(0,0)&field=cuisine:string(0,0)&field=name:string(0,0)&field=name%3Aen:str"
8,14.6509579,121.0753924,n4330255505,4330255505,node,,,fast_food,burger,McDonald's,,,,Mo-Su 10:00-22:00,UP Town Center,McDonald's,Q38076,en:McDonald's,yes,,,,,,,,,,,,,,,,,,,,,,,,,,,,,,,,,,,,,,,,,,,,,,,,,,,,,,,,,,,,,,,,,,,,,OsmQuery,"Point?crs=EPSG:4326&field=full_id:string(0,0)&field=osm_id:string(0,0)&field=osm_type:string(0,0)&field=addr%3Acity:string(0,0)&field=addr%3Astreet:string(0,0)&field=amenity:string(0,0)&field=cuisine:string(0,0)&field=name:string(0,0)&field=name%3Aen:str"
9,14.6220413,121.0538324,n4364876091,4364876091,node,Quezon City,General Aguinaldo,fast_food,burger,McDonald's,,,,,,,,,,Kia Theatre,,,1109,,,,,,,,,,,,,,,,,,,,,,,,,,,,,,,,,,,,,,,,,,,,,,,,,,,,,,,,,,,,,,,,,OsmQuery,"Point?crs=EPSG:4326&field=full_id:string(0,0)&field=osm_id:string(0,0)&field=osm_type:string(0,0)&field=addr%3Acity:string(0,0)&field=addr%3Astreet:string(0,0)&field=amenity:string(0,0)&field=cuisine:string(0,0)&field=name:string(0,0)&field=name%3Aen:str"
10,14.6556012,120.9835628,n1962874339,1962874339,node,,,fast_food,burger,McDonald's,McDonald's,디몰 맥도날드,Макдональдс,,,McDonald's,Q38076,en:McDonald's,yes,,,,,,,,,,,,,,,,,,,,,,,,,,,,,,,,,,,,,,,,,,,,,,,,,,,,,,,,,,,,,,,,,,,,,OsmQuery,"Point?crs=EPSG:4326&field=full_id:string(0,0)&field=osm_id:string(0,0)&field=osm_type:string(0,0)&field=addr%3Acity:string(0,0)&field=addr%3Astreet:string(0,0)&field=amenity:string(0,0)&field=cuisine:string(0,0)&field=name:string(0,0)&field=name%3Aen:str"
11,14.5623167,121.0280007,n1973321746,1973321746,node,Makati,Makati Avenue,fast_food,burger,McDonald's,McDonald's,디몰 맥도날드,Макдональдс,24/7,,McDonald's,Q38076,en:McDonald's,,,,,1200,Jupiter,,,,,,,,,,,,,,,,,,,,,,,,,,,,,,,,,,,,,,,,,,,,,,,,,,,,,,,,,,,,,,,,OsmQuery,"Point?crs=EPSG:4326&field=full_id:string(0,0)&field=osm_id:string(0,0)&field=osm_type:string(0,0)&field=addr%3Acity:string(0,0)&field=addr%3Astreet:string(0,0)&field=amenity:string(0,0)&field=cuisine:string(0,0)&field=name:string(0,0)&field=name%3Aen:str"
12,14.6029368,120.9838096,n1943723525,1943723525,node,Manila,,fast_food,burger,McDonald's,McDonald's,디몰 맥도날드,Макдональдс,,,,,,,Isetann Cinerama Complex,,,,,,,,,Metro Manila,,,,,,,,,,,,,,,,,,,,,,,,,,,,,,,,,,,,,,,,,,,,,,,,,,,,,,,,,,,OsmQuery,"Point?crs=EPSG:4326&field=full_id:string(0,0)&field=osm_id:string(0,0)&field=osm_type:string(0,0)&field=addr%3Acity:string(0,0)&field=addr%3Astreet:string(0,0)&field=amenity:string(0,0)&field=cuisine:string(0,0)&field=name:string(0,0)&field=name%3Aen:str"
13,14.5789601,121.0525832,n2025925072,2025925072,node,Mandaluyong,United Avenue,fast_food,burger,McDonald's,McDonald's,디몰 맥도날드,Макдональдс,24/7,,,,,,Teleperformance,,,,Epifanio delos Santos Avenue,,,,,Metro Manila,,,,,,,,,,,,,,,,,,,,,,,,,,,,,,,,,,,,,,,,,,,,,,,,,,,,,,,,,,,OsmQuery,"Point?crs=EPSG:4326&field=full_id:string(0,0)&field=osm_id:string(0,0)&field=osm_type:string(0,0)&field=addr%3Acity:string(0,0)&field=addr%3Astreet:string(0,0)&field=amenity:string(0,0)&field=cuisine:string(0,0)&field=name:string(0,0)&field=name%3Aen:str"
14,14.5580705,121.0196027,n2071067203,2071067203,node,Makati,Ayala Avenue,fast_food,burger,McDonald's,McDonald's,디몰 맥도날드,Макдональдс,24/7,,McDonald's,Q38076,en:McDonald's,yes,Vicente Madrigal Building,,6793,,,,,,,,,,,,,,,,,,,,,,,,,,,,,,,,,,,,,,,,,,,,,,,,,,,,,,,,,,,,,,,,,,OsmQuery,"Point?crs=EPSG:4326&field=full_id:string(0,0)&field=osm_id:string(0,0)&field=osm_type:string(0,0)&field=addr%3Acity:string(0,0)&field=addr%3Astreet:string(0,0)&field=amenity:string(0,0)&field=cuisine:string(0,0)&field=name:string(0,0)&field=name%3Aen:str"
15,14.736,121.0558675,n1988393518,1988393518,node,,,fast_food,burger,McDonald's,McDonald's,디몰 맥도날드,Макдональдс,,,,,,,,,,,,,,,,,,,,,,,,,,,,,,,,,,,,,,,,,,,,,,,,,,,,,,,,,,,,,,,,,,,,,,,,,,,OsmQuery,"Point?crs=EPSG:4326&field=full_id:string(0,0)&field=osm_id:string(0,0)&field=osm_type:string(0,0)&field=addr%3Acity:string(0,0)&field=addr%3Astreet:string(0,0)&field=amenity:string(0,0)&field=cuisine:string(0,0)&field=name:string(0,0)&field=name%3Aen:str"
16,14.6184734,121.0722544,n1999622698,1999622698,node,,Katipunan Avenue,fast_food,burger,McDonald's,McDonald's,디몰 맥도날드,Макдональдс,,Blueridge,McDonald's,Q38076,en:McDonald's,yes,,,,,,,,,,,,,,,,,,,,,,,,,,,,,,,,,,,,,,,,,,,,,,,,,,,,,,,,,,,,,,,,,,,,,OsmQuery,"Point?crs=EPSG:4326&field=full_id:string(0,0)&field=osm_id:string(0,0)&field=osm_type:string(0,0)&field=addr%3Acity:string(0,0)&field=addr%3Astreet:string(0,0)&field=amenity:string(0,0)&field=cuisine:string(0,0)&field=name:string(0,0)&field=name%3Aen:str"
17,14.5536408,121.0455957,n2106822689,2106822689,node,Taguig,Rizal Drive,fast_food,burger,McDonald's,McDonald's,디몰 맥도날드,Макдональдс,,,McDonald's,Q38076,en:McDonald's,yes,Bench Tower,,,,30th Street,,,,,,,,,,,,,,,,,,,,,,,,,,,,,,,,,,,,,,,,,,,,,,,,,,,,,,,,,,,,,,,,OsmQuery,"Point?crs=EPSG:4326&field=full_id:string(0,0)&field=osm_id:string(0,0)&field=osm_type:string(0,0)&field=addr%3Acity:string(0,0)&field=addr%3Astreet:string(0,0)&field=amenity:string(0,0)&field=cuisine:string(0,0)&field=name:string(0,0)&field=name%3Aen:str"
18,14.5823088,121.0531194,n2210577705,2210577705,node,Mandaluyong,,fast_food,burger,McDonald's,McDonald's,디몰 맥도날드,Макдональдс,,,McDonald's,Q38076,en:McDonald's,yes,,,,,,,,,,Metro Manila,,,,,,,,,,,,,,,,,,,,,,,,,,,,,,,,,,,,,,,,,,,,,,,,,,,,,,,,,,,OsmQuery,"Point?crs=EPSG:4326&field=full_id:string(0,0)&field=osm_id:string(0,0)&field=osm_type:string(0,0)&field=addr%3Acity:string(0,0)&field=addr%3Astreet:string(0,0)&field=amenity:string(0,0)&field=cuisine:string(0,0)&field=name:string(0,0)&field=name%3Aen:str"
19,14.5299404,121.0697052,n2080614728,2080614728,node,Taguig,General A. Luna,fast_food,burger,McDonald's,McDonald's,디몰 맥도날드,Макдональдс,,,McDonald's,Q38076,en:McDonald's,yes,Puregold,,,,,0,,,,,yes,,,,,,https://www.mcdonalds.com.ph/,,マクドナルド,yes,,,,,,,,,,,,,,,,,,,,,,,,,,,,,,,,,,,,,,,,,,,,,,,,,OsmQuery,"Point?crs=EPSG:4326&field=full_id:string(0,0)&field=osm_id:string(0,0)&field=osm_type:string(0,0)&field=addr%3Acity:string(0,0)&field=addr%3Astreet:string(0,0)&field=amenity:string(0,0)&field=cuisine:string(0,0)&field=name:string(0,0)&field=name%3Aen:str"
20,14.5656194,121.0455278,n2326545657,2326545657,node,,,fast_food,burger,McDonald's,,,,,,,,,,,,,,,,,,,,,,,,,,,,,,,,,,,,,,,,,,,,,,,,,,,,,,,,,,,,,,,,,,,,,,,,,,,,,,OsmQuery,"Point?crs=EPSG:4326&field=full_id:string(0,0)&field=osm_id:string(0,0)&field=osm_type:string(0,0)&field=addr%3Acity:string(0,0)&field=addr%3Astreet:string(0,0)&field=amenity:string(0,0)&field=cuisine:string(0,0)&field=name:string(0,0)&field=name%3Aen:str"
21,14.6180456,121.0013641,n2705236200,2705236200,node,,,fast_food,burger,McDonald's,McDonald's,디몰 맥도날드,Макдональдс,,,,,,,,,,,,,,,,,,,,,,,,,,,,,,,,,,,,,,,,,,,,,,,,,,,,,,,,,,,,,,,,,,,,,,,,,,,OsmQuery,"Point?crs=EPSG:4326&field=full_id:string(0,0)&field=osm_id:string(0,0)&field=osm_type:string(0,0)&field=addr%3Acity:string(0,0)&field=addr%3Astreet:string(0,0)&field=amenity:string(0,0)&field=cuisine:string(0,0)&field=name:string(0,0)&field=name%3Aen:str"
22,14.5181904,121.019604,n2722407339,2722407339,node,Pasay,Jasmine Drive,fast_food,burger,McDonald's,McDonald's,디몰 맥도날드,Макдональдс,24/7,,,,,,Holiday Inn Express,G/F,1,1309,Newport Boulevard,0,,,,,,,,,,,,,,,,,,,,,,,,,,,,,,,,,,,,,,,,,,,,,,,,,,,,,,,,,,,,,,,OsmQuery,"Point?crs=EPSG:4326&field=full_id:string(0,0)&field=osm_id:string(0,0)&field=osm_type:string(0,0)&field=addr%3Acity:string(0,0)&field=addr%3Astreet:string(0,0)&field=amenity:string(0,0)&field=cuisine:string(0,0)&field=name:string(0,0)&field=name%3Aen:str"
23,14.5476953,121.0485957,n2469473585,2469473585,node,Taguig,7th Avenue,fast_food,burger,McDonald's,McDonald's,디몰 맥도날드,Макдональдс,24/7,,,,,,Forum South Global,G/F,,,25th Street,0,,,,,,,,,,,,yes,,,,,,,,,,,,,,,xZEtStWKVP87sTaIKoQXnw,,,,,,,,,,,,,,,,,,,,,,,,,,,,,,,,,,,,OsmQuery,"Point?crs=EPSG:4326&field=full_id:string(0,0)&field=osm_id:string(0,0)&field=osm_type:string(0,0)&field=addr%3Acity:string(0,0)&field=addr%3Astreet:string(0,0)&field=amenity:string(0,0)&field=cuisine:string(0,0)&field=name:string(0,0)&field=name%3Aen:str"
24,14.6277287,121.0644299,n2674513561,2674513561,node,Quezon City,Aurora Boulevard,fast_food,burger,McDonald's,McDonald's,디몰 맥도날드,Макдональдс,,,,,,,Super Metro,,,,,,,,,,,,,,,,,,,,,,,,,,,,,,,,,,,,,,,,,,,,,,,,,,,,,,,,,,,,,,,,,,,,OsmQuery,"Point?crs=EPSG:4326&field=full_id:string(0,0)&field=osm_id:string(0,0)&field=osm_type:string(0,0)&field=addr%3Acity:string(0,0)&field=addr%3Astreet:string(0,0)&field=amenity:string(0,0)&field=cuisine:string(0,0)&field=name:string(0,0)&field=name%3Aen:str"
25,14.5896682,120.9785784,n2843324646,2843324646,node,Manila,Victoria,fast_food,burger,McDonald's,McDonald's,디몰 맥도날드,Макдональдс,24/7,,McDonald's,Q38076,en:McDonald's,yes,,,,1002,,0,,,,,yes,,,,,,https://www.mcdonalds.com.ph/,,マクドナルド,yes,no,,,,,,,,,,,,,,,,,,,,,,,,,,,,,,,,,,,,,,,,,,,,,,,,OsmQuery,"Point?crs=EPSG:4326&field=full_id:string(0,0)&field=osm_id:string(0,0)&field=osm_type:string(0,0)&field=addr%3Acity:string(0,0)&field=addr%3Astreet:string(0,0)&field=amenity:string(0,0)&field=cuisine:string(0,0)&field=name:string(0,0)&field=name%3Aen:str"
26,14.6860533,120.9765328,n2738967422,2738967422,node,,,fast_food,burger,McDonald's,McDonald's,디몰 맥도날드,Макдональдс,,,McDonald's,Q38076,en:McDonald's,yes,,,,,,,,,,,,,,,,,,,,,,,,,,,,,,,,,,,,,,,,,,,,,,,,,,,,,,,,,,,,,,,,,,,,,OsmQuery,"Point?crs=EPSG:4326&field=full_id:string(0,0)&field=osm_id:string(0,0)&field=osm_type:string(0,0)&field=addr%3Acity:string(0,0)&field=addr%3Astreet:string(0,0)&field=amenity:string(0,0)&field=cuisine:string(0,0)&field=name:string(0,0)&field=name%3Aen:str"
27,14.5741896,120.9840818,n2745289597,2745289597,node,,,fast_food,burger,McDonald's,McDonald's,디몰 맥도날드,Макдональдс,,,McDonald's,Q38076,en:McDonald's,yes,,,,,,,,,,,,,,,,,,,,,,,,,,,,,,,,,,,,,,,,,,,,,,,,,,,,,,,,,,,,,,,,,,,,,OsmQuery,"Point?crs=EPSG:4326&field=full_id:string(0,0)&field=osm_id:string(0,0)&field=osm_type:string(0,0)&field=addr%3Acity:string(0,0)&field=addr%3Astreet:string(0,0)&field=amenity:string(0,0)&field=cuisine:string(0,0)&field=name:string(0,0)&field=name%3Aen:str"
28,14.5057054,121.0519676,n3086851873,3086851873,node,,Langka Road,fast_food,burger,McDonald's,McDonald's,디몰 맥도날드,Макдональдс,,,McDonald's,Q38076,en:McDonald's,yes,Puregold FTI,,,,,,,,,,,,,,,,,,,,,,,,,,,,,,,,,,,,,,,,,,,,,,,,,,,,,,,,,,,,,,,,,,,,OsmQuery,"Point?crs=EPSG:4326&field=full_id:string(0,0)&field=osm_id:string(0,0)&field=osm_type:string(0,0)&field=addr%3Acity:string(0,0)&field=addr%3Astreet:string(0,0)&field=amenity:string(0,0)&field=cuisine:string(0,0)&field=name:string(0,0)&field=name%3Aen:str"
29,14.5575494,121.0195502,n3149117129,3149117129,node,Makati,Ayala Avenue,fast_food,burger,McDonald's,McDonald's,디몰 맥도날드,Макдональдс,,,,,,,Jaka Building,G/F,6780,,,0,,,,,,,,,,,,,,,,,,,,,,,,,,,,,,,,,,,,,,,,,,,,,,,,,,,,,,,,,,,,,,,OsmQuery,"Point?crs=EPSG:4326&field=full_id:string(0,0)&field=osm_id:string(0,0)&field=osm_type:string(0,0)&field=addr%3Acity:string(0,0)&field=addr%3Astreet:string(0,0)&field=amenity:string(0,0)&field=cuisine:string(0,0)&field=name:string(0,0)&field=name%3Aen:str"
30,14.6052447,121.0230234,n2934976513,2934976513,node,,,fast_food,burger,McDonald's,McDonald's,디몰 맥도날드,Макдональдс,,Agora,,,,,,,,,,,,,,,,,,,,,,,,,,,,,,,,,,,,,,,,,,,,,,,,,,,,,,,,,,,,,,,,,,,,,,,,,OsmQuery,"Point?crs=EPSG:4326&field=full_id:string(0,0)&field=osm_id:string(0,0)&field=osm_type:string(0,0)&field=addr%3Acity:string(0,0)&field=addr%3Astreet:string(0,0)&field=amenity:string(0,0)&field=cuisine:string(0,0)&field=name:string(0,0)&field=name%3Aen:str"
31,14.5635183,120.9943973,n2952005128,2952005128,node,,,,,,,,,,,,,,,,,,,,,,,,,,,,,,,,,,,,,,,,,,,,,,,,main,,,,,,,,,,,,,,,,,,,,,,,,,,,,,,,,,,,OsmQuery,"Point?crs=EPSG:4326&field=full_id:string(0,0)&field=osm_id:string(0,0)&field=osm_type:string(0,0)&field=addr%3Acity:string(0,0)&field=addr%3Astreet:string(0,0)&field=amenity:string(0,0)&field=cuisine:string(0,0)&field=name:string(0,0)&field=name%3Aen:str"
32,14.6127599,120.9766482,n3260040267,3260040267,node,,,fast_food,burger,McDonald's,McDonald's,디몰 맥도날드,Макдональдс,,,,,,,,,,,,,,,,,,,,,,,,,,,,,,,,,,,,,,,,,yes,,,,,,,,,,,,,,,,,,,,,,,,,,,,,,,,,,OsmQuery,"Point?crs=EPSG:4326&field=full_id:string(0,0)&field=osm_id:string(0,0)&field=osm_type:string(0,0)&field=addr%3Acity:string(0,0)&field=addr%3Astreet:string(0,0)&field=amenity:string(0,0)&field=cuisine:string(0,0)&field=name:string(0,0)&field=name%3Aen:str"
33,14.4714248,120.974075,n3162715486,3162715486,node,Las Pinas,P. Diego Cera Avenue,fast_food,burger,McDonald's,McDonald's,디몰 맥도날드,Макдональдс,,,,,,,,,,1740,,,,,,,,,,,,,,,,,,,,,,,,,,,,,,,,,,,,,,,,,,,,,,,,,,,,,,,,,,,,,,,,,OsmQuery,"Point?crs=EPSG:4326&field=full_id:string(0,0)&field=osm_id:string(0,0)&field=osm_type:string(0,0)&field=addr%3Acity:string(0,0)&field=addr%3Astreet:string(0,0)&field=amenity:string(0,0)&field=cuisine:string(0,0)&field=name:string(0,0)&field=name%3Aen:str"
34,14.6781701,121.0852064,n3191217936,3191217936,node,,,fast_food,burger,McDonald's,McDonald's,디몰 맥도날드,Макдональдс,,,,,,,,,,,,,,,,,,,,,,,,,,,,,,,,,,,,,,,,,,,,,,,,,,,,,,,,,,,,,,,,,,,,,,,,,,,OsmQuery,"Point?crs=EPSG:4326&field=full_id:string(0,0)&field=osm_id:string(0,0)&field=osm_type:string(0,0)&field=addr%3Acity:string(0,0)&field=addr%3Astreet:string(0,0)&field=amenity:string(0,0)&field=cuisine:string(0,0)&field=name:string(0,0)&field=name%3Aen:str"
35,14.6201098,121.057098,n957223911,957223911,node,,,fast_food,burger,McDonald's,McDonald's,디몰 맥도날드,Макдональдс,,,McDonald's,Q38076,en:McDonald's,yes,,,,,,,,,,,,,,,,,,,,,,,,,,,,,,,,,,,,,,,,,,,,,,,,,,,,,,,,,,,,,,,,,,,,,OsmQuery,"Point?crs=EPSG:4326&field=full_id:string(0,0)&field=osm_id:string(0,0)&field=osm_type:string(0,0)&field=addr%3Acity:string(0,0)&field=addr%3Astreet:string(0,0)&field=amenity:string(0,0)&field=cuisine:string(0,0)&field=name:string(0,0)&field=name%3Aen:str"
36,14.6222276,121.0520984,n957223940,957223940,node,,,fast_food,burger,McDonald's,McDonald's,디몰 맥도날드,Макдональдс,,,,,,,,,,,,,,,,,,,,,,,,,,,,,,,,,,,,,,,,,,,,,,,,,,,,,,,,,,,,,,,,,,,,,,,,,,,OsmQuery,"Point?crs=EPSG:4326&field=full_id:string(0,0)&field=osm_id:string(0,0)&field=osm_type:string(0,0)&field=addr%3Acity:string(0,0)&field=addr%3Astreet:string(0,0)&field=amenity:string(0,0)&field=cuisine:string(0,0)&field=name:string(0,0)&field=name%3Aen:str"
37,14.5551962,121.0349629,n953625488,953625488,node,,,fast_food,burger,McDonald's,McDonald's,디몰 맥도날드,Макдональдс,,,,,,,,,,,,,,,,,,,,,,,,,,,,,,,,,,,,,,,,,,,,,,,,,,,,,,,,,,,,,,,,,,,,,,,,,,,OsmQuery,"Point?crs=EPSG:4326&field=full_id:string(0,0)&field=osm_id:string(0,0)&field=osm_type:string(0,0)&field=addr%3Acity:string(0,0)&field=addr%3Astreet:string(0,0)&field=amenity:string(0,0)&field=cuisine:string(0,0)&field=name:string(0,0)&field=name%3Aen:str"
38,14.6197932,121.0513044,n957223896,957223896,node,Quezon City,EDSA,fast_food,burger,McDonald's,McDonald's,디몰 맥도날드,Макдональдс,,Farmers,,,,yes,,,,1109,,0,,,,,,,,,,,,,,,no,,,,,,,,,,,,,,,,,,,,,,,,,,,,,,,,,,,,,,,,,,,,,,,,OsmQuery,"Point?crs=EPSG:4326&field=full_id:string(0,0)&field=osm_id:string(0,0)&field=osm_type:string(0,0)&field=addr%3Acity:string(0,0)&field=addr%3Astreet:string(0,0)&field=amenity:string(0,0)&field=cuisine:string(0,0)&field=name:string(0,0)&field=name%3Aen:str"
39,14.5981103,120.9929476,n1037130653,1037130653,node,Manila,,fast_food,burger,McDonald's,McDonald's,디몰 맥도날드,Макдональдс,,,,,,,,,,,,,,,,Metro Manila,,,,,,,,,,,,,,,,,,,,,,,,,,,,,,,,,,,,,,,,,,,,,,,,,,,,,,,,,,,OsmQuery,"Point?crs=EPSG:4326&field=full_id:string(0,0)&field=osm_id:string(0,0)&field=osm_type:string(0,0)&field=addr%3Acity:string(0,0)&field=addr%3Astreet:string(0,0)&field=amenity:string(0,0)&field=cuisine:string(0,0)&field=name:string(0,0)&field=name%3Aen:str"
40,14.5814566,120.9808279,n1041496021,1041496021,node,Manila,Teodoro M. Kalaw Sr. Avenue,fast_food,burger,McDonald's,McDonald's,디몰 맥도날드,Макдональдс,,,McDonald's,Q38076,en:McDonald's,yes,,,,,,,,,,Metro Manila,,,,,,,,,,,,,,,,,,,,,,,,,,,,,,,,,,,,,,,,,,,,,,,,,,,,,,,,,,,OsmQuery,"Point?crs=EPSG:4326&field=full_id:string(0,0)&field=osm_id:string(0,0)&field=osm_type:string(0,0)&field=addr%3Acity:string(0,0)&field=addr%3Astreet:string(0,0)&field=amenity:string(0,0)&field=cuisine:string(0,0)&field=name:string(0,0)&field=name%3Aen:str"
41,14.6280217,121.0633643,n962953309,962953309,node,Quezon City,Aurora Boulevard,fast_food,burger,McDonald's,McDonald's,디몰 맥도날드,Макдональдс,,Anonas,McDonald's,Q38076,en:McDonald's,yes,,,,,,,,,,,,,,,,,,,,,,,,,,,,,,,,,,,,,,,,,,,,,,,,,,,,,,,,,,,,,,,,,,,,,OsmQuery,"Point?crs=EPSG:4326&field=full_id:string(0,0)&field=osm_id:string(0,0)&field=osm_type:string(0,0)&field=addr%3Acity:string(0,0)&field=addr%3Astreet:string(0,0)&field=amenity:string(0,0)&field=cuisine:string(0,0)&field=name:string(0,0)&field=name%3Aen:str"
42,14.6539411,120.9840144,n962956230,962956230,node,,,fast_food,burger,McDonald's,McDonald's,디몰 맥도날드,Макдональдс,,,McDonald's,Q38076,en:McDonald's,yes,,,,,,,,,,,,,,,,,,,,,,,麦当劳,,,,,,,,,,,,,,,,,,,,,,,,,,,,,,,,,,,,,,,,,,,,,,OsmQuery,"Point?crs=EPSG:4326&field=full_id:string(0,0)&field=osm_id:string(0,0)&field=osm_type:string(0,0)&field=addr%3Acity:string(0,0)&field=addr%3Astreet:string(0,0)&field=amenity:string(0,0)&field=cuisine:string(0,0)&field=name:string(0,0)&field=name%3Aen:str"
43,14.6106369,120.9906779,n1067329221,1067329221,node,Manila,,fast_food,,McDonald's,,,,,,,,,,,,,,,,,,,Metro Manila,,,,,,,,,,,,,,,,,,,,,,,,,,,,,,,,,,,,,,,,,,,,,,,,,,,,,,,,,,,OsmQuery,"Point?crs=EPSG:4326&field=full_id:string(0,0)&field=osm_id:string(0,0)&field=osm_type:string(0,0)&field=addr%3Acity:string(0,0)&field=addr%3Astreet:string(0,0)&field=amenity:string(0,0)&field=cuisine:string(0,0)&field=name:string(0,0)&field=name%3Aen:str"
44,14.6402127,121.0162011,n1201346616,1201346616,node,Quezon City,Roosevelt Avenue,fast_food,burger,McDonald's,McDonald's,디몰 맥도날드,Макдональдс,24/7,,McDonald's,Q38076,en:McDonald's,yes,,,,1104,Del Monte Avenue,,,,,,yes,,,,,,https://www.mcdonalds.com.ph/,,マクドナルド,yes,,,,,,,,,,,,,,,,,,,,,,,,,,,,,,,,,,,,,,,,,,,,,,,,,OsmQuery,"Point?crs=EPSG:4326&field=full_id:string(0,0)&field=osm_id:string(0,0)&field=osm_type:string(0,0)&field=addr%3Acity:string(0,0)&field=addr%3Astreet:string(0,0)&field=amenity:string(0,0)&field=cuisine:string(0,0)&field=name:string(0,0)&field=name%3Aen:str"
45,14.5810042,120.9815366,n1045302726,1045302726,node,Manila,,fast_food,burger,McDonald's,McDonald's,디몰 맥도날드,Макдональдс,,,McDonald's,Q38076,en:McDonald's,yes,,,,,,,,,,Metro Manila,,,,,,,,,,,,,,,,,,,,,,,,,,,,,,,,,,,,,,,,,,,,,,,,,,,,,,,,,,,OsmQuery,"Point?crs=EPSG:4326&field=full_id:string(0,0)&field=osm_id:string(0,0)&field=osm_type:string(0,0)&field=addr%3Acity:string(0,0)&field=addr%3Astreet:string(0,0)&field=amenity:string(0,0)&field=cuisine:string(0,0)&field=name:string(0,0)&field=name%3Aen:str"
46,14.6640515,121.0676892,n1064227685,1064227685,node,,,fast_food,burger,McDonald's,,,,,Tierra Pura,,,,,,,,,,,,,,,,,,,,,,,,,,,,,,,,,,,,,,,,,,,,,,,,,,,,,,,,,,,,,,,,,,,,,,,,,OsmQuery,"Point?crs=EPSG:4326&field=full_id:string(0,0)&field=osm_id:string(0,0)&field=osm_type:string(0,0)&field=addr%3Acity:string(0,0)&field=addr%3Astreet:string(0,0)&field=amenity:string(0,0)&field=cuisine:string(0,0)&field=name:string(0,0)&field=name%3Aen:str"
47,14.4652183,120.9681256,n1257562125,1257562125,node,Las Piñas,Alabang-Zapote Road,fast_food,burger,McDonald's,,,,,,,,,only,,,,,,,,,,,,,,,,,,,,,,,,,,,,,,,,,,,,,,,,,,,,,,,,,,,,,,,,,,,,,,,,,,,,,OsmQuery,"Point?crs=EPSG:4326&field=full_id:string(0,0)&field=osm_id:string(0,0)&field=osm_type:string(0,0)&field=addr%3Acity:string(0,0)&field=addr%3Astreet:string(0,0)&field=amenity:string(0,0)&field=cuisine:string(0,0)&field=name:string(0,0)&field=name%3Aen:str"
48,14.5792658,120.9954069,n1293376151,1293376151,node,Manila,,fast_food,burger,McDonald's,McDonald's,디몰 맥도날드,Макдональдс,,,,,,,,,,,,,,,,Metro Manila,,,,,,,,,,,,,,,,,,,,,,,,,,,,,,,,,,,,,,,,,,,,,,,,,,,,,,,,,,,OsmQuery,"Point?crs=EPSG:4326&field=full_id:string(0,0)&field=osm_id:string(0,0)&field=osm_type:string(0,0)&field=addr%3Acity:string(0,0)&field=addr%3Astreet:string(0,0)&field=amenity:string(0,0)&field=cuisine:string(0,0)&field=name:string(0,0)&field=name%3Aen:str"
49,14.6316263,121.0179449,n1203902763,1203902763,node,,,fast_food,burger,McDonald's,McDonald's,디몰 맥도날드,Макдональдс,,,,,,,,,,,,,,,,,,,,,,,,,,,,,,,,,,,,,,,,,,,,,,,,,,,,,,,,,,,,,,,,,,,,,,,,,,,OsmQuery,"Point?crs=EPSG:4326&field=full_id:string(0,0)&field=osm_id:string(0,0)&field=osm_type:string(0,0)&field=addr%3Acity:string(0,0)&field=addr%3Astreet:string(0,0)&field=amenity:string(0,0)&field=cuisine:string(0,0)&field=name:string(0,0)&field=name%3Aen:str"
50,14.5343549,121.0514518,n1235432136,1235432136,node,Taguig,Upper McKinley Road,fast_food,burger,McDonald's,McDonald's,디몰 맥도날드,Макдональдс,,Mckinley,McDonald's,Q38076,en:McDonald's,yes,Venice Piazza,1,,,,,,,,,,,,,,,,,,,,,,,,,,McDo,,,,,,,,,,,,,,,,,,,,,,,,,,,,,,,,,,,,,,,,,OsmQuery,"Point?crs=EPSG:4326&field=full_id:string(0,0)&field=osm_id:string(0,0)&field=osm_type:string(0,0)&field=addr%3Acity:string(0,0)&field=addr%3Astreet:string(0,0)&field=amenity:string(0,0)&field=cuisine:string(0,0)&field=name:string(0,0)&field=name%3Aen:str"
51,14.6691635,120.9471086,n1333130620,1333130620,node,,,fast_food,burger,McDonald's,,,,,,McDonald's,Q38076,en:McDonald's,yes,,,,,,,,,,,,,,,,,,,,,,,,,,,,,,,,,,,,,,,,,,,,,,,,,,,,,,,,,,,,,,,,,,,,,OsmQuery,"Point?crs=EPSG:4326&field=full_id:string(0,0)&field=osm_id:string(0,0)&field=osm_type:string(0,0)&field=addr%3Acity:string(0,0)&field=addr%3Astreet:string(0,0)&field=amenity:string(0,0)&field=cuisine:string(0,0)&field=name:string(0,0)&field=name%3Aen:str"
52,14.6104064,121.0354548,n1348791519,1348791519,node,,,fast_food,burger,McDonald's,McDonald's,디몰 맥도날드,Макдональдс,,,McDonald's,Q38076,en:McDonald's,yes,,,,,,,,,,,,,,,,,,,,,,,,,,,,,,,,,,,,,,,,,,,,,,,,,,,,,,,,,,,,,,,,,,,,,OsmQuery,"Point?crs=EPSG:4326&field=full_id:string(0,0)&field=osm_id:string(0,0)&field=osm_type:string(0,0)&field=addr%3Acity:string(0,0)&field=addr%3Astreet:string(0,0)&field=amenity:string(0,0)&field=cuisine:string(0,0)&field=name:string(0,0)&field=name%3Aen:str"
53,14.4340106,121.0107032,n1318753507,1318753507,node,Las Piñas,Alabang-Zapote Road,fast_food,burger,McDonald's,McDonald's,디몰 맥도날드,Макдональдс,,,McDonald's,Q38076,en:McDonald's,yes,SM Southmall,,,1740,,0,,,,,,,,,,,,,,,,,,,,,,,,,,,,,,,,,,,,,,,,,,,,,,,,,,,,,,,,,,,,,,,OsmQuery,"Point?crs=EPSG:4326&field=full_id:string(0,0)&field=osm_id:string(0,0)&field=osm_type:string(0,0)&field=addr%3Acity:string(0,0)&field=addr%3Astreet:string(0,0)&field=amenity:string(0,0)&field=cuisine:string(0,0)&field=name:string(0,0)&field=name%3Aen:str"
54,14.5363561,120.9827437,n1324283468,1324283468,node,Pasay,North Wing,fast_food,burger,McDonald's,McDonald's,디몰 맥도날드,Макдональдс,Mo-Su 10:00-24:00,SM Mall of Asia North Wing,McDonald's,Q38076,en:McDonald's,yes,,,,,,0,,,,,,,,,,,,,,,separated,,,,,,,,no,yes,,,,,,,,,,,,,,,,,,,,,,,,,,,,,,,,,,,,,,,OsmQuery,"Point?crs=EPSG:4326&field=full_id:string(0,0)&field=osm_id:string(0,0)&field=osm_type:string(0,0)&field=addr%3Acity:string(0,0)&field=addr%3Astreet:string(0,0)&field=amenity:string(0,0)&field=cuisine:string(0,0)&field=name:string(0,0)&field=name%3Aen:str"
55,14.5900449,121.0684251,n1413689244,1413689244,node,Pasig,Ortigas Avenue,fast_food,burger,McDonald's,McDonald's,디몰 맥도날드,Макдональдс,,,,,,,Rockwell Business Center Tower 2,G/F,,1604,,0,,,,,,,,,,,,,,,,,,,,,,,,,Ortigas Center,,,,,,,,,,,,,,,,,,,,,,,,,,,,,,,,,,,,,,OsmQuery,"Point?crs=EPSG:4326&field=full_id:string(0,0)&field=osm_id:string(0,0)&field=osm_type:string(0,0)&field=addr%3Acity:string(0,0)&field=addr%3Astreet:string(0,0)&field=amenity:string(0,0)&field=cuisine:string(0,0)&field=name:string(0,0)&field=name%3Aen:str"
56,14.612994,120.9899516,n1423129484,1423129484,node,Manila,Arsenio H. Lacson Avenue,fast_food,burger,McDonald's,McDonald's,디몰 맥도날드,Макдональдс,,,,,,,,,,,,,,,,Metro Manila,,,,,,,,,,,,,,,,,,,,,,McDonald's,,,,,,,,,,,,,,,,,,,,,,,,,,,,,,,,,,,,,OsmQuery,"Point?crs=EPSG:4326&field=full_id:string(0,0)&field=osm_id:string(0,0)&field=osm_type:string(0,0)&field=addr%3Acity:string(0,0)&field=addr%3Astreet:string(0,0)&field=amenity:string(0,0)&field=cuisine:string(0,0)&field=name:string(0,0)&field=name%3Aen:str"
57,14.6924514,120.9708696,n1352497997,1352497997,node,,,fast_food,burger,McDonald's,McDonald's,디몰 맥도날드,Макдональдс,,,McDonald's,Q38076,en:McDonald's,yes,,,,,,,,,,,,,,,,,,,,,,,,,,,,,,,,,,,,,,,,,,,,,,,,,,,,,,,,,,,,,,,,,,,,,OsmQuery,"Point?crs=EPSG:4326&field=full_id:string(0,0)&field=osm_id:string(0,0)&field=osm_type:string(0,0)&field=addr%3Acity:string(0,0)&field=addr%3Astreet:string(0,0)&field=amenity:string(0,0)&field=cuisine:string(0,0)&field=name:string(0,0)&field=name%3Aen:str"
58,14.6503417,121.1157432,n1360075650,1360075650,node,Marikina,Liwasang Kalayaan,fast_food,burger,McDonald's,McDonald's,디몰 맥도날드,Макдональдс,24/7,,McDonald's,Q38076,en:McDonald's,yes,,,,1810,,0,,,,,yes,,,,,,https://www.mcdonalds.com.ph/,,マクドナルド,yes,no,,,,,,,,,,,,,,,,,,,,,,,,,,,,,,,,,,,,,,,,,,,,,,,,OsmQuery,"Point?crs=EPSG:4326&field=full_id:string(0,0)&field=osm_id:string(0,0)&field=osm_type:string(0,0)&field=addr%3Acity:string(0,0)&field=addr%3Astreet:string(0,0)&field=amenity:string(0,0)&field=cuisine:string(0,0)&field=name:string(0,0)&field=name%3Aen:str"
59,14.6597926,121.0443636,n1629353530,1629353530,node,,Visayas Avenue,fast_food,burger,McDonald's,,,,,,,,,,,,,,,,,,+632 926 6828,,,,,,,,,,,,,,,,,,,,,,,,,,,,,,,,,,,,,,,,,,,,,,,,,,,,,,,,,,,,OsmQuery,"Point?crs=EPSG:4326&field=full_id:string(0,0)&field=osm_id:string(0,0)&field=osm_type:string(0,0)&field=addr%3Acity:string(0,0)&field=addr%3Astreet:string(0,0)&field=amenity:string(0,0)&field=cuisine:string(0,0)&field=name:string(0,0)&field=name%3Aen:str"
60,14.4255102,121.0397353,n1660090235,1660090235,node,Muntinlupa,North Bridgeway,fast_food,burger,McDonald's,McDonald's,디몰 맥도날드,Макдональдс,24/7,,McDonald's,Q38076,en:McDonald's,yes,Fast Bytes,,,,Northgate Avenue,,,,,,,,,,,,,,,,,,,,,,,,,,,,,,,,,,,,,,,,,,,,,,,,,,,,,,,,,,,,,,,,OsmQuery,"Point?crs=EPSG:4326&field=full_id:string(0,0)&field=osm_id:string(0,0)&field=osm_type:string(0,0)&field=addr%3Acity:string(0,0)&field=addr%3Astreet:string(0,0)&field=amenity:string(0,0)&field=cuisine:string(0,0)&field=name:string(0,0)&field=name%3Aen:str"
61,14.6077306,121.0790219,n1576882419,1576882419,node,Quezon City,E. Rodriguez Jr. Avenue,fast_food,burger,McDonald's,McDonald's,디몰 맥도날드,Макдональдс,24/7,Eastwood,,,,,MDC 100,,,,Eastwood Avenue,,,,,,,,,,,,,,,,,,,,,,,,,,,,,,,,,,,,,,,,,,,,,,,,,,,,,,,,,,,,,,,,OsmQuery,"Point?crs=EPSG:4326&field=full_id:string(0,0)&field=osm_id:string(0,0)&field=osm_type:string(0,0)&field=addr%3Acity:string(0,0)&field=addr%3Astreet:string(0,0)&field=amenity:string(0,0)&field=cuisine:string(0,0)&field=name:string(0,0)&field=name%3Aen:str"
62,14.6714935,121.0405331,n1587899582,1587899582,node,,Congressional Avenue,fast_food,burger,McDonald's,McDonald's,디몰 맥도날드,Макдональдс,,Congressional Avenue,,,,,,,,,,,,,,,,,,,,,,,,,,,,,,,,,,,,,,,,,,,,,,,,,,,,,,,,,,,,,,,,,,,,,,,,,OsmQuery,"Point?crs=EPSG:4326&field=full_id:string(0,0)&field=osm_id:string(0,0)&field=osm_type:string(0,0)&field=addr%3Acity:string(0,0)&field=addr%3Astreet:string(0,0)&field=amenity:string(0,0)&field=cuisine:string(0,0)&field=name:string(0,0)&field=name%3Aen:str"
63,14.5918571,121.0256557,n1859742272,1859742272,node,Mandaluyong,,fast_food,burger,McDonald's,McDonald's,디몰 맥도날드,Макдональдс,,,,,,,,,,,,,,,,Metro Manila,,,,,,,,,,,,,,,,,,,,,,,,,,,,,,,,,,,,,,,,,,,,,,,,,,,,,,,,,,,OsmQuery,"Point?crs=EPSG:4326&field=full_id:string(0,0)&field=osm_id:string(0,0)&field=osm_type:string(0,0)&field=addr%3Acity:string(0,0)&field=addr%3Astreet:string(0,0)&field=amenity:string(0,0)&field=cuisine:string(0,0)&field=name:string(0,0)&field=name%3Aen:str"
64,14.4473767,121.0290972,n1743221256,1743221256,node,Parañaque,President's Avenue,fast_food,burger,McDonald's,McDonald's,디몰 맥도날드,Макдональдс,,,,,,,Puregold South Park,,,,E. Monserrat,,,,,,,,,,,,,,,,,,,,,,,,,,,,,,,,,,,,,,,,,,,,,,,,,,,,,,,,,,,,,,,,OsmQuery,"Point?crs=EPSG:4326&field=full_id:string(0,0)&field=osm_id:string(0,0)&field=osm_type:string(0,0)&field=addr%3Acity:string(0,0)&field=addr%3Astreet:string(0,0)&field=amenity:string(0,0)&field=cuisine:string(0,0)&field=name:string(0,0)&field=name%3Aen:str"
65,14.5553932,121.0228559,n1750310920,1750310920,node,Makati,Ayala Avenue,fast_food,burger,McDonald's,McDonald's,디몰 맥도날드,Макдональдс,,Bankmer,,,,,Bankmer,,6756,,,,,,,,,,,,,,,,,,,,,,,,,,,,,,,,,,,,,,,,,,,,,,,,,,,,,,,,,,,,,,,,,,OsmQuery,"Point?crs=EPSG:4326&field=full_id:string(0,0)&field=osm_id:string(0,0)&field=osm_type:string(0,0)&field=addr%3Acity:string(0,0)&field=addr%3Astreet:string(0,0)&field=amenity:string(0,0)&field=cuisine:string(0,0)&field=name:string(0,0)&field=name%3Aen:str"
66,14.5372272,121.0012537,n25389109,25389109,node,,,fast_food,burger,McDonald's,McDonald's,디몰 맥도날드,Макдональдс,,Edsa Rotonda,,,,,,,,,,,,,,,,,,,,,,,,,,,,,,,,,,,,,,,,,,,,,,,,,,,,,,,,,,,,,,,,,,,,,,,,,OsmQuery,"Point?crs=EPSG:4326&field=full_id:string(0,0)&field=osm_id:string(0,0)&field=osm_type:string(0,0)&field=addr%3Acity:string(0,0)&field=addr%3Astreet:string(0,0)&field=amenity:string(0,0)&field=cuisine:string(0,0)&field=name:string(0,0)&field=name%3Aen:str"
67,14.5475641,120.9987977,n25583923,25583923,node,Pasay,Taft Avenue,fast_food,burger,McDonald's,McDonald's,디몰 맥도날드,Макдональдс,,,McDonald's,Q38076,en:McDonald's,yes,,,,,,,,,,,,,,,,,,,,,,,,,,,,,,,,,,,,,,,,,,,,,,,,,,,,,,,,,,,,,,,,,,,,,OsmQuery,"Point?crs=EPSG:4326&field=full_id:string(0,0)&field=osm_id:string(0,0)&field=osm_type:string(0,0)&field=addr%3Acity:string(0,0)&field=addr%3Astreet:string(0,0)&field=amenity:string(0,0)&field=cuisine:string(0,0)&field=name:string(0,0)&field=name%3Aen:str"
68,14.527372,120.9972752,n25388993,25388993,node,Parañaque,Airport Road,fast_food,burger,McDonald's,McDonald's,디몰 맥도날드,Макдональдс,24/7,,,,,,,,,,,,,,,,,,,,,,,,,,,,,,,,,,,,,,,,,,,,,,,,,,,,,,,,,,,,,,,,,,,,,,,,,,OsmQuery,"Point?crs=EPSG:4326&field=full_id:string(0,0)&field=osm_id:string(0,0)&field=osm_type:string(0,0)&field=addr%3Acity:string(0,0)&field=addr%3Astreet:string(0,0)&field=amenity:string(0,0)&field=cuisine:string(0,0)&field=name:string(0,0)&field=name%3Aen:str"
69,14.5541303,121.0482454,n255058509,255058509,node,Taguig,32nd Street,fast_food,burger,McDonald's,McDonald's,디몰 맥도날드,Макдональдс,,Fort Boni 32nd Street,,,,,32nd & Fifth,,,,5th Avenue,,writeus@ph.mcd.com,Golden Arches Development Corp.,+63 2 86236,,,,,,,,,,,,,,,,,,,,,,,,,,,,,,,,,,,,,,,,,,,,,,,,,,,,,,,,,,,,OsmQuery,"Point?crs=EPSG:4326&field=full_id:string(0,0)&field=osm_id:string(0,0)&field=osm_type:string(0,0)&field=addr%3Acity:string(0,0)&field=addr%3Astreet:string(0,0)&field=amenity:string(0,0)&field=cuisine:string(0,0)&field=name:string(0,0)&field=name%3Aen:str"
70,14.6767989,121.032386,n255064754,255064754,node,Quezon City,,fast_food,burger,McDonald's,McDonald's,디몰 맥도날드,Макдональдс,,,McDonald's,,,,,,,,,,,,,,,,,,,,,,,,,,,,,,,,,,,,,,,,,,,,,,,,,,,,,,,,,,,,,,,,,,,,,,,,OsmQuery,"Point?crs=EPSG:4326&field=full_id:string(0,0)&field=osm_id:string(0,0)&field=osm_type:string(0,0)&field=addr%3Acity:string(0,0)&field=addr%3Astreet:string(0,0)&field=amenity:string(0,0)&field=cuisine:string(0,0)&field=name:string(0,0)&field=name%3Aen:str"
71,14.5349273,121.0483338,n251456687,251456687,node,Taguig,Upper McKinley Road,fast_food,burger,McDonald's,McDonald's,디몰 맥도날드,Макдональдс,,,,,,,One World Square,,,,,,,,,,,,,,,,,,,,,,,,,,,,,,,,,,,,,,,,,,,,,,,,,,,,,,,,,,,,,,,,,,,,OsmQuery,"Point?crs=EPSG:4326&field=full_id:string(0,0)&field=osm_id:string(0,0)&field=osm_type:string(0,0)&field=addr%3Acity:string(0,0)&field=addr%3Astreet:string(0,0)&field=amenity:string(0,0)&field=cuisine:string(0,0)&field=name:string(0,0)&field=name%3Aen:str"
72,14.5576553,121.0231137,n255054669,255054669,node,Makati,Paseo de Roxas,fast_food,burger,McDonald's,McDonald's,디몰 맥도날드,Макдональдс,,,,,,,Paseo Center,G/F,8757,1200,Sedeño,0,,,,,,,,,,,,,,,,,,,,,,,,,,,,,,,,,,,,,,,,,,,,,,,,,,,,,,,,,,,,,,,OsmQuery,"Point?crs=EPSG:4326&field=full_id:string(0,0)&field=osm_id:string(0,0)&field=osm_type:string(0,0)&field=addr%3Acity:string(0,0)&field=addr%3Astreet:string(0,0)&field=amenity:string(0,0)&field=cuisine:string(0,0)&field=name:string(0,0)&field=name%3Aen:str"
73,14.6313251,120.9991199,n255067248,255067248,node,Quezon City,,fast_food,burger,McDonald's,McDonald's,디몰 맥도날드,Макдональдс,,Retiro,McDonald's,Q38076,en:McDonald's,yes,,,,1114,,,,,,,,,,,,,,,,,,,,,,,,,,,,,,,,,,,,,,,,,,,,,,,,,,,,,,,,,,,,,,,,,OsmQuery,"Point?crs=EPSG:4326&field=full_id:string(0,0)&field=osm_id:string(0,0)&field=osm_type:string(0,0)&field=addr%3Acity:string(0,0)&field=addr%3Astreet:string(0,0)&field=amenity:string(0,0)&field=cuisine:string(0,0)&field=name:string(0,0)&field=name%3Aen:str"
74,14.6582272,121.0205024,n255072407,255072407,node,Quezon City,,fast_food,burger,McDonald's,McDonald's,디몰 맥도날드,Макдональдс,24/7,,McDonald's,Q38076,en:McDonald's,yes,,,,1100,,,,,,Metro Manila,yes,dining (other),no,http://www.freewebs.com/phroadguide/,,,,,,,,,,,,,,,,,,,,,,,,,,,,,,,,,,,,,,,,,,,,,,,,,,,,,,,OsmQuery,"Point?crs=EPSG:4326&field=full_id:string(0,0)&field=osm_id:string(0,0)&field=osm_type:string(0,0)&field=addr%3Acity:string(0,0)&field=addr%3Astreet:string(0,0)&field=amenity:string(0,0)&field=cuisine:string(0,0)&field=name:string(0,0)&field=name%3Aen:str"
75,14.6536396,121.0535407,n255065760,255065760,node,Quezon City,Commonwealth Avenue,fast_food,burger,McDonald's,McDonald's,디몰 맥도날드,Макдональдс,,Philcoa,McDonald's,Q38076,en:McDonald's,yes,Citimall,,,,,,,,+63 9248619,,,,,,,,,,,,,,,,,,,,,,,,,,,,,,,,,,,,,,,,,,,,,,,,,,,,,,,,,,,,OsmQuery,"Point?crs=EPSG:4326&field=full_id:string(0,0)&field=osm_id:string(0,0)&field=osm_type:string(0,0)&field=addr%3Acity:string(0,0)&field=addr%3Astreet:string(0,0)&field=amenity:string(0,0)&field=cuisine:string(0,0)&field=name:string(0,0)&field=name%3Aen:str"
76,14.559851,121.0120055,n255066357,255066357,node,Makati,Don Chino Roces Avenue,fast_food,burger,McDonald's,McDonald's,디몰 맥도날드,Макдональдс,24/7,,,,,,,,,1200,Senator Gil Puyat Avenue,,,,,,,,,,,,,,,,,,,,,,,,,,,,,,,,,,,,,,,,,,,,,,,,,,,,,,,,,,,,,,,,OsmQuery,"Point?crs=EPSG:4326&field=full_id:string(0,0)&field=osm_id:string(0,0)&field=osm_type:string(0,0)&field=addr%3Acity:string(0,0)&field=addr%3Astreet:string(0,0)&field=amenity:string(0,0)&field=cuisine:string(0,0)&field=name:string(0,0)&field=name%3Aen:str"
77,14.5734247,121.0475621,n347279289,347279289,node,Mandaluyong,Epifanio de Los Santos Avenue,fast_food,burger,McDonald's,McDonald's,디몰 맥도날드,Макдональдс,,,,,,,,,,,Pinatubo,,,,,Metro Manila,,,,,,,,,,,,,,,,,,,,,,,,,,,,,,,,,,,,,,,,,,,,,,,,,,,,,,,,,,,OsmQuery,"Point?crs=EPSG:4326&field=full_id:string(0,0)&field=osm_id:string(0,0)&field=osm_type:string(0,0)&field=addr%3Acity:string(0,0)&field=addr%3Astreet:string(0,0)&field=amenity:string(0,0)&field=cuisine:string(0,0)&field=name:string(0,0)&field=name%3Aen:str"
78,14.5668572,121.012749,n369918619,369918619,node,,Pablo Ocampo Sr. Avenue Extension,fast_food,burger,McDonald's,McDonald's,디몰 맥도날드,Макдональдс,,,,,,,,,,,,,,,,,,,,,cfbate,,,,,,,,,,,,,,,,,,,,,,,,,,,,,,,,,,,,,,,,,,,,,,,,,,,,,,OsmQuery,"Point?crs=EPSG:4326&field=full_id:string(0,0)&field=osm_id:string(0,0)&field=osm_type:string(0,0)&field=addr%3Acity:string(0,0)&field=addr%3Astreet:string(0,0)&field=amenity:string(0,0)&field=cuisine:string(0,0)&field=name:string(0,0)&field=name%3Aen:str"
79,14.6444999,121.0498071,n286161073,286161073,node,,,fast_food,burger,McDonald's,,,,,Matalino,,,,,,,,,,,,,+63 4346695,,,,,,,,,,,,,,,,,,,,,,,,,,,,,,,,,,,,,,,,,,,,,,,,,,,,,,,,,,,,OsmQuery,"Point?crs=EPSG:4326&field=full_id:string(0,0)&field=osm_id:string(0,0)&field=osm_type:string(0,0)&field=addr%3Acity:string(0,0)&field=addr%3Astreet:string(0,0)&field=amenity:string(0,0)&field=cuisine:string(0,0)&field=name:string(0,0)&field=name%3Aen:str"
80,14.5374881,120.9817673,n333438698,333438698,node,Pasay,Sunset Avenue,fast_food,burger,McDonald's,McDonald's,디몰 맥도날드,,24/7,,McDonald's,Q38076,en:McDonald's,yes,One E-com Center,0,,,Harbor Drive,0,,,,,,,,,,,,,,,,,,,,,,,,,,,,,,,,,,,,,,,,,,,,,,,,,,,,,,,,,,,,,,,OsmQuery,"Point?crs=EPSG:4326&field=full_id:string(0,0)&field=osm_id:string(0,0)&field=osm_type:string(0,0)&field=addr%3Acity:string(0,0)&field=addr%3Astreet:string(0,0)&field=amenity:string(0,0)&field=cuisine:string(0,0)&field=name:string(0,0)&field=name%3Aen:str"
81,14.6682218,121.0204903,n497119466,497119466,node,,,fast_food,burger,McDonald's,McDonald's,디몰 맥도날드,Макдональдс,,,,,,,,,,,,,,,,,,,,,,,,,,,,,,,,,,,,,,,,,,,,,,,,,,,,,,,,,,,,,,,,,,,,,,,,,,,OsmQuery,"Point?crs=EPSG:4326&field=full_id:string(0,0)&field=osm_id:string(0,0)&field=osm_type:string(0,0)&field=addr%3Acity:string(0,0)&field=addr%3Astreet:string(0,0)&field=amenity:string(0,0)&field=cuisine:string(0,0)&field=name:string(0,0)&field=name%3Aen:str"
82,14.6101007,121.0918126,n413988709,413988709,node,Pasig,,fast_food,burger,McDonald's,McDonald's,디몰 맥도날드,Макдональдс,,Amang Rodriguez,,,,,,,,,,,,,,Metro Manila,,,,,,,,,,,,,,,,,,,,,,,,,,,,,,,,,,,,,,,,,,,,,,,,,,,,,,,,,,,OsmQuery,"Point?crs=EPSG:4326&field=full_id:string(0,0)&field=osm_id:string(0,0)&field=osm_type:string(0,0)&field=addr%3Acity:string(0,0)&field=addr%3Astreet:string(0,0)&field=amenity:string(0,0)&field=cuisine:string(0,0)&field=name:string(0,0)&field=name%3Aen:str"
83,14.5601316,121.014955,n427576875,427576875,node,Makati,Amorsolo,fast_food,burger,McDonald's,McDonald's,디몰 맥도날드,Макдональдс,24/7,,McDonald's,Q38076,en:McDonald's,yes,,,,,,0,,,,,yes,,no,,,https://www.facebook.com/McDo.ph,https://www.mcdonalds.com.ph/,no,マクドナルド,yes,no,,,,,,,,,,,,,,,,,,,,,,,,,,,,,,,,,,,,,,,,,,,,,,,,OsmQuery,"Point?crs=EPSG:4326&field=full_id:string(0,0)&field=osm_id:string(0,0)&field=osm_type:string(0,0)&field=addr%3Acity:string(0,0)&field=addr%3Astreet:string(0,0)&field=amenity:string(0,0)&field=cuisine:string(0,0)&field=name:string(0,0)&field=name%3Aen:str"
84,14.5636274,120.9904776,n662711065,662711065,node,Manila,Adriatico,fast_food,burger,McDonald's,McDonald's,디몰 맥도날드,Макдональдс,,,McDonald's,Q38076,en:McDonald's,yes,,,,1004,,,,,,Metro Manila,,,,,,,,,,,,,,,,,,,,,,,,,,,,,,,,,,,,,,,,,,,,,,,,,,,,,,,,,,,OsmQuery,"Point?crs=EPSG:4326&field=full_id:string(0,0)&field=osm_id:string(0,0)&field=osm_type:string(0,0)&field=addr%3Acity:string(0,0)&field=addr%3Astreet:string(0,0)&field=amenity:string(0,0)&field=cuisine:string(0,0)&field=name:string(0,0)&field=name%3Aen:str"
85,14.5716458,121.0480298,n679927665,679927665,node,Mandaluyong,,fast_food,burger,McDonald's,McDonald's,디몰 맥도날드,Макдональдс,,,McDonald's,Q38076,en:McDonald's,yes,,,,,,,,,,Metro Manila,,,,,,,,,,,,,麦当劳,,,,,,,,,,,,,,,,,,,,,,,,,,,,,,,,,,,,,,,,,,,,,,OsmQuery,"Point?crs=EPSG:4326&field=full_id:string(0,0)&field=osm_id:string(0,0)&field=osm_type:string(0,0)&field=addr%3Acity:string(0,0)&field=addr%3Astreet:string(0,0)&field=amenity:string(0,0)&field=cuisine:string(0,0)&field=name:string(0,0)&field=name%3Aen:str"
86,14.6225028,121.0517043,n589927625,589927625,node,Quezon City,Aurora Boulevard,fast_food,burger,McDonald's,McDonald's,디몰 맥도날드,Макдональдс,,,,,,,,,,,,,,,,,,,,,,,,,,,,,,,,,,,,,,,,,,,,,,,,,,,,,,,,,,,,,,,,,,,,,,,,,,,OsmQuery,"Point?crs=EPSG:4326&field=full_id:string(0,0)&field=osm_id:string(0,0)&field=osm_type:string(0,0)&field=addr%3Acity:string(0,0)&field=addr%3Astreet:string(0,0)&field=amenity:string(0,0)&field=cuisine:string(0,0)&field=name:string(0,0)&field=name%3Aen:str"
87,14.6574605,120.9856013,n593996960,593996960,node,,,fast_food,burger,McDonald's,McDonald's,디몰 맥도날드,Макдональдс,,,McDonald's,Q38076,en:McDonald's,yes,,,,,,,,,,,,,,,,,,,,,,34.97,麦当劳,,,,,,,,,,,,,,,,,,,,,,,,,,,,,,,,,,,,,,,,,,,,,,OsmQuery,"Point?crs=EPSG:4326&field=full_id:string(0,0)&field=osm_id:string(0,0)&field=osm_type:string(0,0)&field=addr%3Acity:string(0,0)&field=addr%3Astreet:string(0,0)&field=amenity:string(0,0)&field=cuisine:string(0,0)&field=name:string(0,0)&field=name%3Aen:str"
88,14.4483723,120.9848175,n695232385,695232385,node,Las Piñas,Alabang-Zapote Road,fast_food,burger,McDonald's,McDonald's,디몰 맥도날드,Макдональдс,24/7,,McDonald's,Q38076,en:McDonald's,yes,,,,,,,,,,,,,,,,,,,,,,,,,,,,,,,,,,,,,,,,,,,,,,,,,,,,,,,,,,,,,,,,,,,,,OsmQuery,"Point?crs=EPSG:4326&field=full_id:string(0,0)&field=osm_id:string(0,0)&field=osm_type:string(0,0)&field=addr%3Acity:string(0,0)&field=addr%3Astreet:string(0,0)&field=amenity:string(0,0)&field=cuisine:string(0,0)&field=name:string(0,0)&field=name%3Aen:str"
89,14.586498,121.061493,n747561969,747561969,node,Pasig,F. Ortigas Jr. Road,fast_food,burger,McDonald's,McDonald's,디몰 맥도날드,Макдональдс,24/7,,McDonald's,Q38076,en:McDonald's,yes,Strata 100,,,,,,,,,Metro Manila,,,yes,,,,,no,,,,,,,,,no,,,,,,,,,,,,,,,,,,,,,,,,,,,,,,,,,,,,,,,,,,OsmQuery,"Point?crs=EPSG:4326&field=full_id:string(0,0)&field=osm_id:string(0,0)&field=osm_type:string(0,0)&field=addr%3Acity:string(0,0)&field=addr%3Astreet:string(0,0)&field=amenity:string(0,0)&field=cuisine:string(0,0)&field=name:string(0,0)&field=name%3Aen:str"
90,14.394484,121.0450394,n684988102,684988102,node,Muntinlupa,National Highway,fast_food,burger,McDonald's,McDonald's,디몰 맥도날드,Макдональдс,,,McDonald's,Q38076,en:McDonald's,yes,,,,,,,,,,,,,,,,,,,,,,,,,,,,,,,,,,,,,,,,,,,,,,,,,,,,,,,,,,,,,,,,,,,,,OsmQuery,"Point?crs=EPSG:4326&field=full_id:string(0,0)&field=osm_id:string(0,0)&field=osm_type:string(0,0)&field=addr%3Acity:string(0,0)&field=addr%3Astreet:string(0,0)&field=amenity:string(0,0)&field=cuisine:string(0,0)&field=name:string(0,0)&field=name%3Aen:str"
91,14.6199401,121.1021879,n686079152,686079152,node,Cainta,Imelda Avenue,fast_food,burger,McDonald's,McDonald's,디몰 맥도날드,Макдональдс,24/7,,McDonald's,Q38076,en:McDonald's,yes,Q Plaza,2,,1900,,,,,,Rizal,,,,,,,,,,,,,,2,metal_sheet,concrete;cement,,,,,,,,,,,,,,,,,,,,,,,,,,,,,,,,,,,,,,,,,,,OsmQuery,"Point?crs=EPSG:4326&field=full_id:string(0,0)&field=osm_id:string(0,0)&field=osm_type:string(0,0)&field=addr%3Acity:string(0,0)&field=addr%3Astreet:string(0,0)&field=amenity:string(0,0)&field=cuisine:string(0,0)&field=name:string(0,0)&field=name%3Aen:str"
92,14.5450223,121.0663345,n929096991,929096991,node,Pateros,,fast_food,burger,McDonald's,McDonald's,디몰 맥도날드,Макдональдс,,Pateros-Bayan,,,,,,,,,,,,,,,,,,,,,,,,,,,,,,,,,,,,,,,,,,,,,,,,,,,,,,,,,,,,,,,,,,,,,,,,,OsmQuery,"Point?crs=EPSG:4326&field=full_id:string(0,0)&field=osm_id:string(0,0)&field=osm_type:string(0,0)&field=addr%3Acity:string(0,0)&field=addr%3Astreet:string(0,0)&field=amenity:string(0,0)&field=cuisine:string(0,0)&field=name:string(0,0)&field=name%3Aen:str"
93,14.5383174,121.0005111,n934580735,934580735,node,Pasay,Taft Avenue,fast_food,burger,McDonald's,McDonald's,디몰 맥도날드,Макдональдс,,,,,,,,,,,,,,,,,,,,,,,,,,,,,,,,,,,,,,,,,,,,,,,,,,,,,,,,,,,,,,,,,,,,,,,,,,,OsmQuery,"Point?crs=EPSG:4326&field=full_id:string(0,0)&field=osm_id:string(0,0)&field=osm_type:string(0,0)&field=addr%3Acity:string(0,0)&field=addr%3Astreet:string(0,0)&field=amenity:string(0,0)&field=cuisine:string(0,0)&field=name:string(0,0)&field=name%3Aen:str"
94,14.5813236,121.0607761,n747620929,747620929,node,Pasig,,fast_food,burger,McDonald's,McDonald's,디몰 맥도날드,Макдональдс,24/7,,,,,,,,,,,,,,,Metro Manila,,,,,,,,,,,,,,,,,,,,,,,,,,,,,,,,,,,,,,,,,,,,,,,,,,,,,,,,,,,OsmQuery,"Point?crs=EPSG:4326&field=full_id:string(0,0)&field=osm_id:string(0,0)&field=osm_type:string(0,0)&field=addr%3Acity:string(0,0)&field=addr%3Astreet:string(0,0)&field=amenity:string(0,0)&field=cuisine:string(0,0)&field=name:string(0,0)&field=name%3Aen:str"
95,14.5493226,121.0556781,n864688186,864688186,node,Taguig,McKinley Parkway,fast_food,burger,McDonald's,McDonald's,디몰 맥도날드,Макдональдс,,,,,,,Market! Market!,,,,,,,,,,,,,,,,,,,,,,,,,,,,,,,,,,,,,,,,,,,,,,,,,,,,,,,,,,,,,,,,,,,,OsmQuery,"Point?crs=EPSG:4326&field=full_id:string(0,0)&field=osm_id:string(0,0)&field=osm_type:string(0,0)&field=addr%3Acity:string(0,0)&field=addr%3Astreet:string(0,0)&field=amenity:string(0,0)&field=cuisine:string(0,0)&field=name:string(0,0)&field=name%3Aen:str"
112,14.5696894,120.9882727,n1034982345,1034982345,node,,,,,,,,,,,,,,,,,,,,,,,,,,,,,,,,,,,,,,,,,,,,,,,,main,,,,,,,,,,,,,,,,,,,,,,,,,,,,,,,,,,,OsmQuery,"Point?crs=EPSG:4326&field=full_id:string(0,0)&field=osm_id:string(0,0)&field=osm_type:string(0,0)&field=amenity:string(0,0)&field=cuisine:string(0,0)&field=name:string(0,0)&field=brand:string(0,0)&field=brand%3Awikidata:string(0,0)&field=brand%3Awikipedi"
136,14.6554506,121.0351524,n422673659,422673659,node,,,,,jeepney terminal,,,,,,,,,,,,,,,,,,,,,,,,,,,,,,,,,,,,,,,,,,,,,,,,,,,,,,,,,,,,,,,,,,,,,,,,,,,,,,OsmQuery,"Point?crs=EPSG:4326&field=full_id:string(0,0)&field=osm_id:string(0,0)&field=osm_type:string(0,0)&field=amenity:string(0,0)&field=cuisine:string(0,0)&field=name:string(0,0)&field=brand:string(0,0)&field=brand%3Awikidata:string(0,0)&field=brand%3Awikipedi"
155,14.5586118,121.0163864,n6614502361,6614502361,node,,,fast_food,,McDonald's,,,,,,,,,,,,,,,,,,,,,,,,,,,,,,,,,,,,,,,,,,,,,,,,,,,,,,,,,,,,,,,,,,,,,,,,,,,,,,OsmQuery,"Point?crs=EPSG:4326&field=full_id:string(0,0)&field=osm_id:string(0,0)&field=osm_type:string(0,0)&field=addr%3Acity:string(0,0)&field=addr%3Astreet:string(0,0)&field=amenity:string(0,0)&field=cuisine:string(0,0)&field=name:string(0,0)&field=name%3Aen:str"
156,14.5475665,121.0621611,n6767113355,6767113355,node,Makati City,Sampaguita,fast_food,burger,McDonald's,,,,,,McDonald's,Q38076,en:McDonald's,yes,,,,,,,,,,,,,,,,,,no,,,,,,,,,,,,,,,,,,,,,,,,,,,,,,,,,,,,,,,,,,,,,,,,,,,OsmQuery,"Point?crs=EPSG:4326&field=full_id:string(0,0)&field=osm_id:string(0,0)&field=osm_type:string(0,0)&field=addr%3Acity:string(0,0)&field=addr%3Astreet:string(0,0)&field=amenity:string(0,0)&field=cuisine:string(0,0)&field=name:string(0,0)&field=name%3Aen:str"
157,14.5228049,120.9895004,n7158050035,7158050035,node,,,fast_food,burger,McDonald's,,,,,,McDonald's,Q38076,en:McDonald's,yes,,,,,,,,,,,,,,,,,,,,,,,,,,,,,,,,,,,,,,,,,,,,yes,,,,,,,,,,,,,,,,,,,,,,,,,OsmQuery,"Point?crs=EPSG:4326&field=full_id:string(0,0)&field=osm_id:string(0,0)&field=osm_type:string(0,0)&field=addr%3Acity:string(0,0)&field=addr%3Astreet:string(0,0)&field=amenity:string(0,0)&field=cuisine:string(0,0)&field=name:string(0,0)&field=name%3Aen:str"
158,14.4270993,121.0024488,n7380509953,7380509953,node,,,fast_food,burger;chicken,McDonald's,,,,24/7,,McDonald's,Q38076,en:McDonald's,yes,,,,,,,,,,,,,,,,,,yes,,,,,,,,,,,,,,,,,,,,,,,,,,,,,,,,,,,,,,,,,,,,,,,,,,,OsmQuery,"Point?crs=EPSG:4326&field=full_id:string(0,0)&field=osm_id:string(0,0)&field=osm_type:string(0,0)&field=addr%3Acity:string(0,0)&field=addr%3Astreet:string(0,0)&field=amenity:string(0,0)&field=cuisine:string(0,0)&field=name:string(0,0)&field=name%3Aen:str"
159,14.6695861,121.1080312,n6796166286,6796166286,node,,J.P. Rizal Street,fast_food,,McDonald's,,,,,,,,,,,,,,,,,,,,,,,,,,,,,,,,,,,,,,,,,,,,,,,,,,,,,,,,,,,,,,,,,,,,,,,,,,,,,,OsmQuery,"Point?crs=EPSG:4326&field=full_id:string(0,0)&field=osm_id:string(0,0)&field=osm_type:string(0,0)&field=addr%3Acity:string(0,0)&field=addr%3Astreet:string(0,0)&field=amenity:string(0,0)&field=cuisine:string(0,0)&field=name:string(0,0)&field=name%3Aen:str"
160,14.586683,121.1051362,n7746249515,7746249515,node,,,fast_food,burger,McDonald's,,,,,,McDonald's,,,yes,,,,,,,,,,,,,,,,,,,,,,,,,,,,,,,,,,,,,,,,,,,,,,,,,,,,,,,,,,,,,,,,,,,,,OsmQuery,"Point?crs=EPSG:4326&field=full_id:string(0,0)&field=osm_id:string(0,0)&field=osm_type:string(0,0)&field=addr%3Acity:string(0,0)&field=addr%3Astreet:string(0,0)&field=amenity:string(0,0)&field=cuisine:string(0,0)&field=name:string(0,0)&field=name%3Aen:str"
161,14.7505263,121.0534746,n7849298688,7849298688,node,Caloocan City,Zapote Street,fast_food,burger,McDonald's,,,,24/7,,McDonald's,Q38076,en:McDonald's,yes,,,,,,,,,,,,,,,,,,yes,,,,,,,,,,,,,,,,,,,,,,,,,,,Monday to Friday 9:00 am to 8:00 pm; Saturday & Sunday 9:00 am to 8:00 pm,,,,,,,,,,,,,,,,,,,,,,,,OsmQuery,"Point?crs=EPSG:4326&field=full_id:string(0,0)&field=osm_id:string(0,0)&field=osm_type:string(0,0)&field=addr%3Acity:string(0,0)&field=addr%3Astreet:string(0,0)&field=amenity:string(0,0)&field=cuisine:string(0,0)&field=name:string(0,0)&field=name%3Aen:str"
162,14.6493095,120.9904401,n7502513083,7502513083,node,Caloocan,A. de Jesus Street,fast_food,burger,McDonald's,McDonald's,디몰 맥도날드,Макдональдс,,,McDonald's,Q38076,en:McDonald's,yes,,,,,,,,,,Metro Manila,yes,,,,,,https://www.mcdonalds.com.ph/,no,マクドナルド,yes,,,,,,,,,,,,,yTOarINyd8bs2buCciq3XU,,,,,,,,,,,,,,,,,,,,,,,,,,,,,,,,,,,,OsmQuery,"Point?crs=EPSG:4326&field=full_id:string(0,0)&field=osm_id:string(0,0)&field=osm_type:string(0,0)&field=addr%3Acity:string(0,0)&field=addr%3Astreet:string(0,0)&field=amenity:string(0,0)&field=cuisine:string(0,0)&field=name:string(0,0)&field=name%3Aen:str"
163,14.6579347,121.0204689,n7723327286,7723327286,node,,,fast_food,,McDonald's,,,,,,,,,,,,,,,,,,,,,,,,,,,,,,,,,,,,,,,,,,,,,,,,,,,,,,,,,,,,,,,,,,,,,,,,,,,,,,OsmQuery,"Point?crs=EPSG:4326&field=full_id:string(0,0)&field=osm_id:string(0,0)&field=osm_type:string(0,0)&field=addr%3Acity:string(0,0)&field=addr%3Astreet:string(0,0)&field=amenity:string(0,0)&field=cuisine:string(0,0)&field=name:string(0,0)&field=name%3Aen:str"
169,14.5834387,121.0768526,n254367529,254367529,node,,,,,,,,,,,,,,,,,,,,,,,,,,,,,,,,,,,,,,,,,,,,yes,,,,main,,,,,,,,,,,,,,,,,,,,,,,,,,,,,,,,,,,OsmQuery,"Point?crs=EPSG:4326&field=full_id:string(0,0)&field=osm_id:string(0,0)&field=osm_type:string(0,0)&field=amenity:string(0,0)&field=cuisine:string(0,0)&field=name:string(0,0)&field=brand:string(0,0)&field=brand%3Awikidata:string(0,0)&field=brand%3Awikipedi"
180,14.6267153,120.9732619,n4514603191,4514603191,node,,Juan Luna Street,fast_food,burger,McDonald's,McDonald's,디몰 맥도날드,Макдональдс,,,McDonald's,Q38076,en:McDonald's,yes,,,,,,,,,,,,,,,,,,,,,,,,,,,,,,,,,,,,,,,,,,,,,,,,,,,,,,,,,,,,,,,,,,,,,OsmQuery,"Point?crs=EPSG:4326&field=full_id:string(0,0)&field=osm_id:string(0,0)&field=osm_type:string(0,0)&field=addr%3Acity:string(0,0)&field=addr%3Astreet:string(0,0)&field=amenity:string(0,0)&field=cuisine:string(0,0)&field=name:string(0,0)&field=name%3Aen:str"
181,14.5929409,120.977682,n4698359089,4698359089,node,,,fast_food,burger,McDonald's,,,,,,McDonald's,Q38076,en:McDonald's,,,,,,,,,,,,,,,,,,,,,,,,,,,,,,,,,,,,,,,,,,,,,,,,,,,,,,,,,,,,,,,,,,,,,,OsmQuery,"Point?crs=EPSG:4326&field=full_id:string(0,0)&field=osm_id:string(0,0)&field=osm_type:string(0,0)&field=addr%3Acity:string(0,0)&field=addr%3Astreet:string(0,0)&field=amenity:string(0,0)&field=cuisine:string(0,0)&field=name:string(0,0)&field=name%3Aen:str"
182,14.4251556,121.0294303,n4432932439,4432932439,node,,,,,,,,,,,,,,,,,,,,,,,,,,,,,,,,,,,,,,,,,,,,,,,,yes,,,,,,,,,,,,,,,,,,,,,,,,,,,,,,,,,,,OsmQuery,"Point?crs=EPSG:4326&field=full_id:string(0,0)&field=osm_id:string(0,0)&field=osm_type:string(0,0)&field=addr%3Acity:string(0,0)&field=addr%3Astreet:string(0,0)&field=amenity:string(0,0)&field=cuisine:string(0,0)&field=name:string(0,0)&field=name%3Aen:str"
183,14.6229609,120.9827801,n4812601323,4812601323,node,,,fast_food,burger,McDonald's,McDonald's,디몰 맥도날드,Макдональдс,,,,,,,,,,,,,,,,,,,,,,,,,,,,,,,,,,,,,,,,,,,,,,,,,,,,,,,,,,,,,,,,,,,,,,,,,,,OsmQuery,"Point?crs=EPSG:4326&field=full_id:string(0,0)&field=osm_id:string(0,0)&field=osm_type:string(0,0)&field=addr%3Acity:string(0,0)&field=addr%3Astreet:string(0,0)&field=amenity:string(0,0)&field=cuisine:string(0,0)&field=name:string(0,0)&field=name%3Aen:str"
184,14.6586616,120.9528039,n4851185621,4851185621,node,,Rizal Avenue Extension,fast_food,burger,McDonald's,McDonald's,디몰 맥도날드,Макдональдс,,Malabon,,,,,,,,,,,,,,,,,,,,,,,,,,,,,,,,,,,,,,,,,,,,,,,,,,,,,,,,,,,,,,,,,,,,,,,,,OsmQuery,"Point?crs=EPSG:4326&field=full_id:string(0,0)&field=osm_id:string(0,0)&field=osm_type:string(0,0)&field=addr%3Acity:string(0,0)&field=addr%3Astreet:string(0,0)&field=amenity:string(0,0)&field=cuisine:string(0,0)&field=name:string(0,0)&field=name%3Aen:str"
185,14.464383,121.0199621,n4756110021,4756110021,node,,,fast_food,burger,McDonald's,,,,,,,,,,,,,,,,,,,,,,,,,,,,,,,,,,,,,,,,,,,,,,,,,,,,,,,,,,,,,,,,,,,,,,,,,,,,,,OsmQuery,"Point?crs=EPSG:4326&field=full_id:string(0,0)&field=osm_id:string(0,0)&field=osm_type:string(0,0)&field=addr%3Acity:string(0,0)&field=addr%3Astreet:string(0,0)&field=amenity:string(0,0)&field=cuisine:string(0,0)&field=name:string(0,0)&field=name%3Aen:str"
186,14.5931483,121.028455,n4785954821,4785954821,node,,Shaw Boulevard,fast_food,burger,McDonald's,McDonald's,디몰 맥도날드,Макдональдс,Mo-Su 06:00-23:00,,,,,,,,,,,,,,,,,,,,,,,,,,,,,,,,,,,,,,BGXBh9Q695Bl9XtZHrpI4Q,,,,,,,,,,,,,,,,,,,,,,,,,,,,,,,,,,,,OsmQuery,"Point?crs=EPSG:4326&field=full_id:string(0,0)&field=osm_id:string(0,0)&field=osm_type:string(0,0)&field=addr%3Acity:string(0,0)&field=addr%3Astreet:string(0,0)&field=amenity:string(0,0)&field=cuisine:string(0,0)&field=name:string(0,0)&field=name%3Aen:str"
187,14.5419891,121.0187833,n5133317922,5133317922,node,Makati,EDSA,fast_food,burger,McDonald's,,,,,,,Q38076,,yes,San Lorenzo Place,G/F,,,Don Chino Roces Avenue,0,,,,,,,,,,,,,,,,,,,,,,,,,,,,,,,,,,,,,,,,,,,,,,,,,,,,,,,,,,,,,,,OsmQuery,"Point?crs=EPSG:4326&field=full_id:string(0,0)&field=osm_id:string(0,0)&field=osm_type:string(0,0)&field=addr%3Acity:string(0,0)&field=addr%3Astreet:string(0,0)&field=amenity:string(0,0)&field=cuisine:string(0,0)&field=name:string(0,0)&field=name%3Aen:str"
188,14.5581522,121.0824921,n4903871228,4903871228,node,,Caruncho Avenue,fast_food,burger,McDonald's,,,,24/7,,McDonald's,Q38076,en:McDonald's,yes,,,,,,,,,,,,,,,,,,,,,,,,,,,,,,,,,,,,,,,,,,,,,,,,,,,,,,,,,,,,,,,,,,,,,OsmQuery,"Point?crs=EPSG:4326&field=full_id:string(0,0)&field=osm_id:string(0,0)&field=osm_type:string(0,0)&field=addr%3Acity:string(0,0)&field=addr%3Astreet:string(0,0)&field=amenity:string(0,0)&field=cuisine:string(0,0)&field=name:string(0,0)&field=name%3Aen:str"
189,14.6366183,121.0942362,n5126259523,5126259523,node,,,fast_food,burger,McDonald's,McDonald's,디몰 맥도날드,Макдональдс,,Concepcion,,,,,,,,,,,,,,,,,,,,,,,,,,,,,,,,,,,,,,,,,,,,,,,,,,,,,,,,,,,,,,,,,,,,,,,,,OsmQuery,"Point?crs=EPSG:4326&field=full_id:string(0,0)&field=osm_id:string(0,0)&field=osm_type:string(0,0)&field=addr%3Acity:string(0,0)&field=addr%3Astreet:string(0,0)&field=amenity:string(0,0)&field=cuisine:string(0,0)&field=name:string(0,0)&field=name%3Aen:str"
190,14.4115473,121.0463894,n5355741321,5355741321,node,,,fast_food,burger,McDonald's,McDonald's,디몰 맥도날드,Макдональдс,,,McDonald's,Q38076,en:McDonald's,yes,,,,1781,,,,,,,,,,,,,,,,,,,,,,,,,,,,,,,,,,,,,,,,,,,,,,,,,,,,,,,,,,,,,,,,,OsmQuery,"Point?crs=EPSG:4326&field=full_id:string(0,0)&field=osm_id:string(0,0)&field=osm_type:string(0,0)&field=addr%3Acity:string(0,0)&field=addr%3Astreet:string(0,0)&field=amenity:string(0,0)&field=cuisine:string(0,0)&field=name:string(0,0)&field=name%3Aen:str"
191,14.6035516,120.9818375,n5461096521,5461096521,node,,,fast_food,burger,McDonald's,McDonald's,디몰 맥도날드,Макдональдс,,,McDonald's,Q38076,en:McDonald's,yes,,,,,,,,,,,,,,,,,,,,,,,,,,,,,,,,,,,,,,,,,,,,,,,,,,,,,,,,,,,,,,,,,,,,,OsmQuery,"Point?crs=EPSG:4326&field=full_id:string(0,0)&field=osm_id:string(0,0)&field=osm_type:string(0,0)&field=addr%3Acity:string(0,0)&field=addr%3Astreet:string(0,0)&field=amenity:string(0,0)&field=cuisine:string(0,0)&field=name:string(0,0)&field=name%3Aen:str"
192,14.6085057,120.9788853,n5302199548,5302199548,node,,Masangkay,fast_food,burger,McDonald's,McDonald's,디몰 맥도날드,Макдональдс,,,McDonald's,Q38076,en:McDonald's,yes,,,,,,,,,,,,,,,,,,,,,,,,,,,,,,,,,,,,,,,,,,,,,,,,,,,,,,,,,,,,,,,,,,,,,OsmQuery,"Point?crs=EPSG:4326&field=full_id:string(0,0)&field=osm_id:string(0,0)&field=osm_type:string(0,0)&field=addr%3Acity:string(0,0)&field=addr%3Astreet:string(0,0)&field=amenity:string(0,0)&field=cuisine:string(0,0)&field=name:string(0,0)&field=name%3Aen:str"
193,14.5323817,120.9954898,n5336530139,5336530139,node,,F. Redemptorist,fast_food,burger,McDonald's,McDonald's,디몰 맥도날드,Макдональдс,,,,,,,,,,,,,,,,,,,,,,,,,,,,,,,,,,,,,,,,,,,,,,,,,,,,,,,,,,,,,,,,,,,,,,,,,,,OsmQuery,"Point?crs=EPSG:4326&field=full_id:string(0,0)&field=osm_id:string(0,0)&field=osm_type:string(0,0)&field=addr%3Acity:string(0,0)&field=addr%3Astreet:string(0,0)&field=amenity:string(0,0)&field=cuisine:string(0,0)&field=name:string(0,0)&field=name%3Aen:str"
194,14.6047932,121.0425026,n5529577341,5529577341,node,,,fast_food,burger,McDonald's,McDonald's,디몰 맥도날드,Макдональдс,,,,,,,,,,,,,,,,,,,,,,,,,,,,,,,,,,,,,,,,,,,,,,,,,,,,,,,,,,,,,,,,,,,,,,,,,,,OsmQuery,"Point?crs=EPSG:4326&field=full_id:string(0,0)&field=osm_id:string(0,0)&field=osm_type:string(0,0)&field=addr%3Acity:string(0,0)&field=addr%3Astreet:string(0,0)&field=amenity:string(0,0)&field=cuisine:string(0,0)&field=name:string(0,0)&field=name%3Aen:str"
195,14.7062523,121.0595645,n5541961921,5541961921,node,,,fast_food,burger,McDonald's,McDonald's,디몰 맥도날드,Макдональдс,,,,,,,,,,,,,,,,,,,,,,,,,,,,,,,,,,,,,,,,,,,,,,,,,,,,,,,,,,,,,,,,,,,,,,,,,,,OsmQuery,"Point?crs=EPSG:4326&field=full_id:string(0,0)&field=osm_id:string(0,0)&field=osm_type:string(0,0)&field=addr%3Acity:string(0,0)&field=addr%3Astreet:string(0,0)&field=amenity:string(0,0)&field=cuisine:string(0,0)&field=name:string(0,0)&field=name%3Aen:str"
196,14.727831,121.0574741,n5753318309,5753318309,node,Quezon City,Belfast,fast_food,burger,McDonald's,,,,24/7,,McDonald's,Q38076,en:McDonald's,yes,,,,1118,,,,,,,yes,,,,,,,yes,,,,,,,,,,,,,,,,,,,,,,,https://www.mcdonalds.com.ph/,,,,,,,,,,,,,,,,,,,,,,,,,,,,OsmQuery,"Point?crs=EPSG:4326&field=full_id:string(0,0)&field=osm_id:string(0,0)&field=osm_type:string(0,0)&field=addr%3Acity:string(0,0)&field=addr%3Astreet:string(0,0)&field=amenity:string(0,0)&field=cuisine:string(0,0)&field=name:string(0,0)&field=name%3Aen:str"
197,14.5724616,121.0190329,n5863182425,5863182425,node,,,fast_food,burger,McDonald's,,,,,,McDonald's,Q38076,en:McDonald's,yes,,,,,,,,,,,,,,,,,,,,,,,,,,,,,,,,,,,,,,,,,,,,,,,,,,,,,,,,,,,,,,,,,,,,,OsmQuery,"Point?crs=EPSG:4326&field=full_id:string(0,0)&field=osm_id:string(0,0)&field=osm_type:string(0,0)&field=addr%3Acity:string(0,0)&field=addr%3Astreet:string(0,0)&field=amenity:string(0,0)&field=cuisine:string(0,0)&field=name:string(0,0)&field=name%3Aen:str"
198,14.6340285,121.0577447,n5617074822,5617074822,node,,Kamias Road,fast_food,burger,McDonald's,,,,24/7,,McDonald's,Q38076,en:McDonald's,yes,,,128,1102,,,,,,,,,,,,,,,,,,,,,,,,,,,,,,,,,,,,,https://www.mcdonalds.com.ph/,,,,,,,,,,,,,,,,,,,,,,,,,,,,OsmQuery,"Point?crs=EPSG:4326&field=full_id:string(0,0)&field=osm_id:string(0,0)&field=osm_type:string(0,0)&field=addr%3Acity:string(0,0)&field=addr%3Astreet:string(0,0)&field=amenity:string(0,0)&field=cuisine:string(0,0)&field=name:string(0,0)&field=name%3Aen:str"
199,14.6431968,121.0376792,n6060794820,6060794820,node,,,,,,,,,,,,,,,,,,,,,,,,,,,,,,,,,,,,,,,,,,,,limited,,,,yes,,,,,,,,yes,,,,,,,,,,,,,,,,,,,,,,,,,,,OsmQuery,"Point?crs=EPSG:4326&field=full_id:string(0,0)&field=osm_id:string(0,0)&field=osm_type:string(0,0)&field=addr%3Acity:string(0,0)&field=addr%3Astreet:string(0,0)&field=amenity:string(0,0)&field=cuisine:string(0,0)&field=name:string(0,0)&field=name%3Aen:str"
200,14.6178476,120.9869728,n6003413385,6003413385,node,,MJC Drive,fast_food,burger,McDonald's,,,,,,McDonald's,Q38076,en:McDonald's,yes,,,,,,,,,,,,,,,,,,,,,,,,,,,,,,,,,,,,,,,,,,,,,,,,,,,,,,,,,,,,,,,,,,,,,OsmQuery,"Point?crs=EPSG:4326&field=full_id:string(0,0)&field=osm_id:string(0,0)&field=osm_type:string(0,0)&field=addr%3Acity:string(0,0)&field=addr%3Astreet:string(0,0)&field=amenity:string(0,0)&field=cuisine:string(0,0)&field=name:string(0,0)&field=name%3Aen:str"
201,14.6430853,121.0378094,n6060794819,6060794819,node,,,,,,,,,,,,,,,,,,,,,,,,,,,,,,,,,,,,,,,,,,,,yes,,,,main,,,,,,,,yes,,,,,,,,,,,,,,,,,,,,,,,,,,,OsmQuery,"Point?crs=EPSG:4326&field=full_id:string(0,0)&field=osm_id:string(0,0)&field=osm_type:string(0,0)&field=addr%3Acity:string(0,0)&field=addr%3Astreet:string(0,0)&field=amenity:string(0,0)&field=cuisine:string(0,0)&field=name:string(0,0)&field=name%3Aen:str"
202,14.6571756,121.0212617,n6207077287,6207077287,node,,,fast_food,,McDonald's,,,,,,,,,,,,,,,,,,,,,,,,,,,,,,,,,,,,,,,,,,,,,,,,,,,,,,,,,,,,,,,,,,,,,,,,,,,,,,OsmQuery,"Point?crs=EPSG:4326&field=full_id:string(0,0)&field=osm_id:string(0,0)&field=osm_type:string(0,0)&field=addr%3Acity:string(0,0)&field=addr%3Astreet:string(0,0)&field=amenity:string(0,0)&field=cuisine:string(0,0)&field=name:string(0,0)&field=name%3Aen:str"
203,14.5260568,121.0741028,n6375422634,6375422634,node,,J.P. Rizal,fast_food,burger,McDonald's,,,,,,McDonald's,Q38076,en:McDonald's,only,,,,,,,,,,,,,,,,,,,,,,,,,,,,,,,,,b_RZk1WuWb0mC7kKMw36jw,,,,,,,,,,,,,,,,,,,,,,,,,,,,,,,,,,,,OsmQuery,"Point?crs=EPSG:4326&field=full_id:string(0,0)&field=osm_id:string(0,0)&field=osm_type:string(0,0)&field=addr%3Acity:string(0,0)&field=addr%3Astreet:string(0,0)&field=amenity:string(0,0)&field=cuisine:string(0,0)&field=name:string(0,0)&field=name%3Aen:str"
204,14.6043521,121.0179804,n6192290570,6192290570,node,,,fast_food,burger,McDonald's,,,,,,McDonald's,Q38076,en:McDonald's,yes,,,,,,0,,,,,,,,,,,,,,,,,,,,,,,,,,,,,,,,,,,,,,,,,,,,,,,,,,,,,,,,,,,,,,,OsmQuery,"Point?crs=EPSG:4326&field=full_id:string(0,0)&field=osm_id:string(0,0)&field=osm_type:string(0,0)&field=addr%3Acity:string(0,0)&field=addr%3Astreet:string(0,0)&field=amenity:string(0,0)&field=cuisine:string(0,0)&field=name:string(0,0)&field=name%3Aen:str"
205,14.5323824,120.9891356,n6200922032,6200922032,node,Pasay,Diosdado Macapagal Boulevard,fast_food,burger,McDonald's,,,,24/7,,,Q38076,,,W.Mall,G/F,,,Coral Way,0,,,,,,,,,,,,,,,,,,,,,,,,,,,,,,,,,,,,,,,,,,,,,,,,,,,,,,,,,,,,,,,OsmQuery,"Point?crs=EPSG:4326&field=full_id:string(0,0)&field=osm_id:string(0,0)&field=osm_type:string(0,0)&field=addr%3Acity:string(0,0)&field=addr%3Astreet:string(0,0)&field=amenity:string(0,0)&field=cuisine:string(0,0)&field=name:string(0,0)&field=name%3Aen:str"
239,14.4187406,121.0439817,n2846287703,2846287703,node,,,,,,,,,,,,,,,,,,,,,,,,,,,,,,,,,,,,,,,,,,,,,,,,main,,,,,,,,,,,,,,,,,,,,,,,,,,,,,,,,,,,OsmQuery,"Point?crs=EPSG:4326&field=full_id:string(0,0)&field=osm_id:string(0,0)&field=osm_type:string(0,0)&field=amenity:string(0,0)&field=cuisine:string(0,0)&field=name:string(0,0)&field=brand:string(0,0)&field=brand%3Awikidata:string(0,0)&field=brand%3Awikipedi"
248,14.628816,120.9739996,n3180595570,3180595570,node,,,,,,,,,,,,,,,,,,,,,,,,,,,,,,,,,,,,,,,,,,,,,,,FdsXDVGu00bWJUVW-mJ3gQ,,,,,,,,,,,,,,,,,,,,,,,,,,,,,,,,,,,,OsmQuery,"Point?crs=EPSG:4326&field=full_id:string(0,0)&field=osm_id:string(0,0)&field=osm_type:string(0,0)&field=amenity:string(0,0)&field=cuisine:string(0,0)&field=name:string(0,0)&field=brand:string(0,0)&field=brand%3Awikidata:string(0,0)&field=brand%3Awikipedi"
278,14.4565361,121.0360545,n2234756482,2234756482,node,,,,,,,,,,,,,,,,,,,,,,,,,,,,,,,,,,,,,,,,,,,,yes,,,,main,,,,,,,,,,,,,,,,,,,,,,,,,,,,,,,,,,,OsmQuery,"Point?crs=EPSG:4326&field=full_id:string(0,0)&field=osm_id:string(0,0)&field=osm_type:string(0,0)&field=amenity:string(0,0)&field=cuisine:string(0,0)&field=name:string(0,0)&field=brand:string(0,0)&field=brand%3Awikidata:string(0,0)&field=brand%3Awikipedi"
313,14.6714195,121.0791759,n6553326684,6553326684,node,,,,,,,,,,,,,,,,,,,,,,,,,,,,,,,,,,,,,,,,,,,,,,,,main,,,,,,,,,,,,,,,,,,,,,,,,,,,,,,,,,,,OsmQuery,"Point?crs=EPSG:4326&field=full_id:string(0,0)&field=osm_id:string(0,0)&field=osm_type:string(0,0)&field=amenity:string(0,0)&field=cuisine:string(0,0)&field=name:string(0,0)&field=brand:string(0,0)&field=brand%3Awikidata:string(0,0)&field=brand%3Awikipedi"
330,14.5834276,121.0770611,n8069192288,8069192288,node,,,,,,,,,,,,,,,,,,,,,,,,,,,,,,,,,,,,,,,,,,,,,,,,main,,,,,,,,,,,,,,,,,,,,,,,,,,,,,,,,,,,OsmQuery,"Point?crs=EPSG:4326&field=full_id:string(0,0)&field=osm_id:string(0,0)&field=osm_type:string(0,0)&field=amenity:string(0,0)&field=cuisine:string(0,0)&field=name:string(0,0)&field=brand:string(0,0)&field=brand%3Awikidata:string(0,0)&field=brand%3Awikipedi"
383,14.5972837,121.0393674,n4556560103,4556560103,node,,,,,,,,,,,,,,,,,,,,,,,,,,,,,,,,,,,,,,,,,,,,,,,,main,,,,,,,,,,,,,,,,,,,,,,,,,,,,,,,,,,,OsmQuery,"Point?crs=EPSG:4326&field=full_id:string(0,0)&field=osm_id:string(0,0)&field=osm_type:string(0,0)&field=amenity:string(0,0)&field=cuisine:string(0,0)&field=name:string(0,0)&field=brand:string(0,0)&field=brand%3Awikidata:string(0,0)&field=brand%3Awikipedi"
385,14.5720085,121.015579,n4640204244,4640204244,node,,,,,,,,,,,,,,,,,,,,,,,,,,,,,,,,,,,,,,,,,,,,,,,,,,,,,,,,,,,,,,,,,,,,,,,,,,,wall,fixed,surveillance,outdoor,camera,,,,OsmQuery,"Point?crs=EPSG:4326&field=full_id:string(0,0)&field=osm_id:string(0,0)&field=osm_type:string(0,0)&field=amenity:string(0,0)&field=cuisine:string(0,0)&field=name:string(0,0)&field=brand:string(0,0)&field=brand%3Awikidata:string(0,0)&field=brand%3Awikipedi"
390,14.5631763,120.9966831,n3398022693,3398022693,node,Manila,Pablo Ocampo Sr. Avenue,fast_food,burger,McDonald's,McDonald's,디몰 맥도날드,Макдональдс,,,McDonald's,Q38076,en:McDonald's,yes,University Pad Residences,,912,,,,,,,,,,,,,,,,,,,,,,,,,,,,,,,,,,,,,,,,,,,,,,,,,,,,,,,,,,,,,,,,,,OsmQuery,"Point?crs=EPSG:4326&field=full_id:string(0,0)&field=osm_id:string(0,0)&field=osm_type:string(0,0)&field=addr%3Acity:string(0,0)&field=addr%3Astreet:string(0,0)&field=amenity:string(0,0)&field=cuisine:string(0,0)&field=name:string(0,0)&field=name%3Aen:str"
391,14.6453175,121.0173691,n3275619464,3275619464,node,,,fast_food,burger,McDonald's,,,,,Baler,McDonald's,Q38076,en:McDonald's,yes,,,,,,,,,,,,,,,,,,,,,,,,,,,,,,,,,,,,Baler,,,,,,,,,,,,,,,,,,,,,,,,,,,,,,,,,OsmQuery,"Point?crs=EPSG:4326&field=full_id:string(0,0)&field=osm_id:string(0,0)&field=osm_type:string(0,0)&field=addr%3Acity:string(0,0)&field=addr%3Astreet:string(0,0)&field=amenity:string(0,0)&field=cuisine:string(0,0)&field=name:string(0,0)&field=name%3Aen:str"
392,14.6867866,120.9953666,n3507275979,3507275979,node,Valenzuela,Gen. T. De Leon,fast_food,burger,McDonald's,McDonald's,디몰 맥도날드,Макдональдс,,,McDonald's,Q38076,en:McDonald's,yes,,,,1442,,,,,+63 2 9614405,,,,,,,,,no,,,no,,,,,,,,,,,,,,,,,,,,,,,,,,,,,,,,,,,,,,,,,,,,,,,,OsmQuery,"Point?crs=EPSG:4326&field=full_id:string(0,0)&field=osm_id:string(0,0)&field=osm_type:string(0,0)&field=addr%3Acity:string(0,0)&field=addr%3Astreet:string(0,0)&field=amenity:string(0,0)&field=cuisine:string(0,0)&field=name:string(0,0)&field=name%3Aen:str"
393,14.5245757,121.0129649,n3559831563,3559831563,node,Pasay,10th Street,fast_food,burger,McDonald's,McDonald's,디몰 맥도날드,Макдональдс,,,,,,,Plaza 66,,,1309,Manlunas,,,,,,,,,,,,,,,,,,,,,,,,,,,,,,,,,,,,,,,,,,,,,,,,,,,,,,,,,,,,,,,,OsmQuery,"Point?crs=EPSG:4326&field=full_id:string(0,0)&field=osm_id:string(0,0)&field=osm_type:string(0,0)&field=addr%3Acity:string(0,0)&field=addr%3Astreet:string(0,0)&field=amenity:string(0,0)&field=cuisine:string(0,0)&field=name:string(0,0)&field=name%3Aen:str"
394,14.5892734,121.0367846,n3499203340,3499203340,node,,,fast_food,burger,McDonald's,McDonald's,디몰 맥도날드,Макдональдс,24/7,,McDonald's,,,yes,,,,,,,,"DHY Food & Beverage, Inc.",,,yes,,,,,,,no,,,,,,,,,,,,,,,,,,,PH008910979000,,,,,,,,,,,,,,,,,,,,,,,,,,,,,,,,OsmQuery,"Point?crs=EPSG:4326&field=full_id:string(0,0)&field=osm_id:string(0,0)&field=osm_type:string(0,0)&field=addr%3Acity:string(0,0)&field=addr%3Astreet:string(0,0)&field=amenity:string(0,0)&field=cuisine:string(0,0)&field=name:string(0,0)&field=name%3Aen:str"
395,14.6167021,120.9829813,n3500244626,3500244626,node,,,fast_food,burger,McDonald's,McDonald's,디몰 맥도날드,Макдональдс,,,,,,,,,,,,,,,,,,,,,,,,,,,,,,,,,,,,,,,,,,,,,,,,,,,,,,,,,,,,,,,,,,,,,,,,,,,OsmQuery,"Point?crs=EPSG:4326&field=full_id:string(0,0)&field=osm_id:string(0,0)&field=osm_type:string(0,0)&field=addr%3Acity:string(0,0)&field=addr%3Astreet:string(0,0)&field=amenity:string(0,0)&field=cuisine:string(0,0)&field=name:string(0,0)&field=name%3Aen:str"
396,14.6006444,120.9908266,n3597990752,3597990752,node,Manila,legarda corner claro m. recto,fast_food,burger,McDonald's,McDonald's,디몰 맥도날드,Макдональдс,,,McDonald's,Q38076,en:McDonald's,yes,,,,,,,,,,,,,,,,,,no,,,,,,,,,,,,,,,,,,,,,,,,,,,,,,,,,,,,,,,,,,,,,,,,,,,OsmQuery,"Point?crs=EPSG:4326&field=full_id:string(0,0)&field=osm_id:string(0,0)&field=osm_type:string(0,0)&field=addr%3Acity:string(0,0)&field=addr%3Astreet:string(0,0)&field=amenity:string(0,0)&field=cuisine:string(0,0)&field=name:string(0,0)&field=name%3Aen:str"
397,14.5163838,121.0516928,n3602013506,3602013506,node,,,fast_food,burger,McDonald's,,,,24/7,C5 Waterfun,,,,,,,,,,,,,,,,,,,,,,,,,,,,,,,,,,,,,,,,,,,,,,,,,,,,,,,,,,,,,,,,,,,,,,,,,OsmQuery,"Point?crs=EPSG:4326&field=full_id:string(0,0)&field=osm_id:string(0,0)&field=osm_type:string(0,0)&field=addr%3Acity:string(0,0)&field=addr%3Astreet:string(0,0)&field=amenity:string(0,0)&field=cuisine:string(0,0)&field=name:string(0,0)&field=name%3Aen:str"
398,14.6024702,120.9874525,n3595652229,3595652229,node,,,fast_food,burger,McDonald's,McDonald's,디몰 맥도날드,Макдональдс,,,,,,,,,,,,,,,,,,,,,,,,,,,,,,,,,,,,,,,,,,,,,,,,,,,,,,,,,,,,,,,,,,,,,,,,,,,OsmQuery,"Point?crs=EPSG:4326&field=full_id:string(0,0)&field=osm_id:string(0,0)&field=osm_type:string(0,0)&field=addr%3Acity:string(0,0)&field=addr%3Astreet:string(0,0)&field=amenity:string(0,0)&field=cuisine:string(0,0)&field=name:string(0,0)&field=name%3Aen:str"
399,14.6752318,121.0455675,n3632466928,3632466928,node,,Tandang Sora Avenue,fast_food,burger,McDonald's,,,,,Tandang Sora,,,,yes,,,,,,,,,,,,,,,,,,yes,,,,,,,,,,,,,,,,,,,,,,,,,,,,,,,,,,,,,,,,,,,,,,,,,,,OsmQuery,"Point?crs=EPSG:4326&field=full_id:string(0,0)&field=osm_id:string(0,0)&field=osm_type:string(0,0)&field=addr%3Acity:string(0,0)&field=addr%3Astreet:string(0,0)&field=amenity:string(0,0)&field=cuisine:string(0,0)&field=name:string(0,0)&field=name%3Aen:str"
400,14.5781023,120.9823699,n3712078834,3712078834,node,,,fast_food,burger,McDonald's,,,,,Padre Faura,McDonald's,Q38076,en:McDonald's,yes,,,,,,,,,,,,,,,,,,,,,,,,,,,,,,,,,,,,,,,,,,,,,,,,,,,,,,,,,,,,,,,,,,,,,OsmQuery,"Point?crs=EPSG:4326&field=full_id:string(0,0)&field=osm_id:string(0,0)&field=osm_type:string(0,0)&field=addr%3Acity:string(0,0)&field=addr%3Astreet:string(0,0)&field=amenity:string(0,0)&field=cuisine:string(0,0)&field=name:string(0,0)&field=name%3Aen:str"
401,14.6334707,121.0193878,n3602653032,3602653032,node,,,fast_food,burger,McDonald's,McDonald's,디몰 맥도날드,Макдональдс,,Fisher Mall,McDonald's,Q38076,en:McDonald's,yes,,,,,,,,,,,,,,,,,,,,,,,,,,,,,,,,,,,,,,yes,,,,,,,,,,,,,,,,,,,,,,,,,,,,,,,OsmQuery,"Point?crs=EPSG:4326&field=full_id:string(0,0)&field=osm_id:string(0,0)&field=osm_type:string(0,0)&field=addr%3Acity:string(0,0)&field=addr%3Astreet:string(0,0)&field=amenity:string(0,0)&field=cuisine:string(0,0)&field=name:string(0,0)&field=name%3Aen:str"
402,14.569379,121.0248355,n3610368989,3610368989,node,Makati,J. P. Rizal,fast_food,burger,McDonald's,McDonald's,디몰 맥도날드,Макдональдс,24/7,,McDonald's,Q38076,en:McDonald's,yes,,,,,,,,,,,yes,,,,,,,no,,,outside,,,,,,,,,,,,,,,,,,,,,,,,,,,,,,,,,,,,,,,,,,,,,,,,OsmQuery,"Point?crs=EPSG:4326&field=full_id:string(0,0)&field=osm_id:string(0,0)&field=osm_type:string(0,0)&field=addr%3Acity:string(0,0)&field=addr%3Astreet:string(0,0)&field=amenity:string(0,0)&field=cuisine:string(0,0)&field=name:string(0,0)&field=name%3Aen:str"
403,14.4867623,121.0437514,n3769898539,3769898539,node,,,fast_food,burger,McDonald's,McDonald's,디몰 맥도날드,Макдональдс,,,McDonald's,Q38076,en:McDonald's,yes,,,,,,,,,,,,,,,,,,,,,,,,,,,,,,,,,,,,,,,,,,,,,,,,,,,,,,,,,,,,,,,,,,,,,OsmQuery,"Point?crs=EPSG:4326&field=full_id:string(0,0)&field=osm_id:string(0,0)&field=osm_type:string(0,0)&field=addr%3Acity:string(0,0)&field=addr%3Astreet:string(0,0)&field=amenity:string(0,0)&field=cuisine:string(0,0)&field=name:string(0,0)&field=name%3Aen:str"
404,14.6398319,121.0409567,n3832217389,3832217389,node,,,,,,,,,,,,,,,,,,,,,,,,,,,,,,,,,,,,,,,,,,,,yes,,,,main,,,,,hinged,,,,,,,,,,,,,,,,,,,,,,,,,,,,,,OsmQuery,"Point?crs=EPSG:4326&field=full_id:string(0,0)&field=osm_id:string(0,0)&field=osm_type:string(0,0)&field=addr%3Acity:string(0,0)&field=addr%3Astreet:string(0,0)&field=amenity:string(0,0)&field=cuisine:string(0,0)&field=name:string(0,0)&field=name%3Aen:str"
405,14.416667,121.0463469,n3740145388,3740145388,node,,,fast_food,burger,McDonald's,McDonald's,디몰 맥도날드,Макдональдс,,,,,,,,,,,,0,,,,,,,,,,,,,,,,,,,,,,,,,,,,,,,,,,,,,,,,,,,,,,,,,,,,,,,,,,,,,,,OsmQuery,"Point?crs=EPSG:4326&field=full_id:string(0,0)&field=osm_id:string(0,0)&field=osm_type:string(0,0)&field=addr%3Acity:string(0,0)&field=addr%3Astreet:string(0,0)&field=amenity:string(0,0)&field=cuisine:string(0,0)&field=name:string(0,0)&field=name%3Aen:str"
406,14.4168801,121.0410689,n3750489055,3750489055,node,,,fast_food,burger,McDonald's,McDonald's,디몰 맥도날드,Макдональдс,,,McDonald's,Q38076,McDonald's,yes,,,,,,,,,,,,,,,,,,,,yes,,,,,,,,,,,,,,,,,,,,,,,,,,,,,,,,,,,,,,,,,,,,,,,,,OsmQuery,"Point?crs=EPSG:4326&field=full_id:string(0,0)&field=osm_id:string(0,0)&field=osm_type:string(0,0)&field=addr%3Acity:string(0,0)&field=addr%3Astreet:string(0,0)&field=amenity:string(0,0)&field=cuisine:string(0,0)&field=name:string(0,0)&field=name%3Aen:str"
407,14.5879088,120.9850278,n4102842497,4102842497,node,,,fast_food,burger,McDonald's,McDonald's,디몰 맥도날드,Макдональдс,,,McDonald's,Q38076,en:McDonald's,yes,,,,,,,,,,,,,,,,,,,,,,,,,,,,,,,,,,,,,,,,,,,,,,,,,,,,,,,,,,,,,,,,,,,,,OsmQuery,"Point?crs=EPSG:4326&field=full_id:string(0,0)&field=osm_id:string(0,0)&field=osm_type:string(0,0)&field=addr%3Acity:string(0,0)&field=addr%3Astreet:string(0,0)&field=amenity:string(0,0)&field=cuisine:string(0,0)&field=name:string(0,0)&field=name%3Aen:str"
408,14.5997146,120.9812632,n4111666633,4111666633,node,,,fast_food,burger,McDonald's,McDonald's,디몰 맥도날드,Макдональдс,,,,,,,,,,,,,,,,,,,,,,,,,,,,,,,,,,,,,,,,,,,,,,,,,,,,,,,,,,,,,,,,,,,,,,,,,,,OsmQuery,"Point?crs=EPSG:4326&field=full_id:string(0,0)&field=osm_id:string(0,0)&field=osm_type:string(0,0)&field=addr%3Acity:string(0,0)&field=addr%3Astreet:string(0,0)&field=amenity:string(0,0)&field=cuisine:string(0,0)&field=name:string(0,0)&field=name%3Aen:str"
