full_id,osm_id,osm_type,crossing,highway,supervised,amenity,name,descriptio,wikidata,religion,addr_city,addr_postc,addr_stree,name_af,addr_house,access,barrier,school,wikipedia,alt_name,bicycle,foot,motorcar,motorcycle,addr_hou_1,operator,entrance,email,opening_ho,phone,website,name_en,grades,traffic_ca,crossing_r,addr_subur,isced,motor_vehi,operator_t,x,y
n965761190,"965761190",node,,,,school,,,,,,,,,,,,,,,,,,,,,,,,,,,,,,,,,,27.827,-26.246
n965761026,"965761026",node,,,,school,,,,,,,,,,,,,,,,,,,,,,,,,,,,,,,,,,27.834,-26.252
n965761123,"965761123",node,,,,school,Hoerskool Bastion,,Q97333497,,,,,,,,,,,,,,,,,,,,,,,,,,,,,,,27.822,-26.149
n908312415,"908312415",node,,,,school,Thembalihle Primary School,,,,,,,,,,,,,,,,,,,,,,,,,,,,,,,,,27.861,-26.227
n908317661,"908317661",node,,,,school,Senyamo Primary School,,Q97333801,,,,,,,,,,,,,,,,,,,,,,,,,,,,,,,27.873,-26.220
n908312401,"908312401",node,,,,school,Thabang Primary School,,,,,,,,,,,,,,,,,,,,,,,,,,,,,,,,,27.860,-26.218
n908312413,"908312413",node,,,,school,PJ Simelane High School,,,,,,,,,,,,,,,,,,,,,,,,,,,,,,,,,27.860,-26.228
n908470694,"908470694",node,,,,school,George Khoza Secondary School,,,,,,,,,,,,,,,,,,,,,,,,,,,,,,,,,27.860,-26.222
n908470702,"908470702",node,,,,school,Boikanyo Primary School,,Q97333711,,,,,,,,,,,,,,,,,,,,,,,,,,,,,,,27.860,-26.222
n908317668,"908317668",node,,,,school,Dr Mary Primary School,,,,,,,,,,,,,,,,,,,,,,,,,,,,,,,,,27.873,-26.220
n908470677,"908470677",node,,,,school,Ludirile Lower Primary School,,,,,,,,,,,,,,,,,,,,,,,,,,,,,,,,,27.870,-26.220
n1069299660,"1069299660",node,,,,school,Vanderbijlpark High School,,,,,,,,,,,,,,,,,,,,,,,,,,,,,,,,,27.819,-26.702
n1080381753,"1080381753",node,,,,school,ParkRand Primary,,Q97332051,,,,,,,,,,,,,,,,,,,,,,,,,,,,,,,28.277,-26.249
n1038584183,"1038584183",node,,,,school,,,,,,,,,,,,,,,,,,,,,,,,,,,,,,,,,,28.056,-26.026
n1042907788,"1042907788",node,,,,school,Pinedene Primary School,,Q97335221,,,,,,,,,,,,,,,,,,,,,,,,,,,,,,,27.835,-26.720
n1141940716,"1141940716",node,,,,school,St Bennedicts,,,,,,,,,,,,,,,,,,,,,,,,,,,,,,,,,28.137,-26.174
n1329819197,"1329819197",node,,,,,,,,,,,,,,yes,gate,,,,,,,,,,,,,,,,,,,,,,,28.225,-25.757
n1139455299,"1139455299",node,,,,school,creche,,,,,,,,,,,,,,,,,,,,,,,,,,,,,,,,,27.970,-26.186
n966484820,"966484820",node,,,,school,,,,,,,,,,,,,,,,,,,,,,,,,,,,,,,,,,27.868,-26.282
n966484876,"966484876",node,,,,school,,,,,,,,,,,,,,,,,,,,,,,,,,,,,,,,,,27.852,-26.282
n965761227,"965761227",node,,,,school,,,,,,,,,,,,,,,,,,,,,,,,,,,,,,,,,,27.821,-26.161
n965761264,"965761264",node,,,,school,,,,,,,,,,,,,,,,,,,,,,,,,,,,,,,,,,27.828,-26.221
n966485173,"966485173",node,,,,school,,,,,,,,,,,,,,,,,,,,,,,,,,,,,,,,,,27.867,-26.275
n987618986,"987618986",node,,,,school,newclaire primary school,,,,,,,,,,,,,,,,,,,,,,,,,,,,,,,,,27.970,-26.185
n966484980,"966484980",node,,,,school,,,,,,,,,,,,,,,,,,,,,,,,,,,,,,,,,,27.847,-26.279
n966485031,"966485031",node,,,,school,,,,,,,,,,,,,,,,,,,,,,,,,,,,,,,,,,27.873,-26.295
n1702344139,"1702344139",node,,,,school,Madressa,,,muslim,,,,,,,,,,,,,,,,,,,,,,,,,,,,,,28.303,-26.212
n1709735104,"1709735104",node,,,,school,Actonville Primary School,,Q97334506,,,,,,,,,,,,,,,,,,,,,,,,,,,,,,,28.301,-26.217
n1645482035,"1645482035",node,,,,school,Laerskool Edleen,,Q97334045,,,,,,,,,,,,,,,,,,,,,,,,,,,,,,,28.207,-26.093
n1690221190,"1690221190",node,,,,school,,,,,,,,,,,,,,,,,,,,,,,,,,,,,,,,,,28.293,-26.084
n1711253703,"1711253703",node,,,,school,Liverpool Secondary,,Q97334510,,,,,,,,,,,,,,,,,,,,,,,,,,,,,,,28.305,-26.210
n1711256823,"1711256823",node,,,,school,William Hills Secondary,,Q97334515,,,,,,,,,,,,,,,,,,,,,,,,,,,,,,,28.313,-26.209
n1709735977,"1709735977",node,,,,school,Pioneer Primary School,,Q97334511,,,,,,,,,,,,,,,,,,,,,,,,,,,,,,,28.301,-26.218
n1711205400,"1711205400",node,,,,school,Benoni Primary School,,Q97334508,,,,,,,,,,,,,,,,,,,,,,,,,,,,,,,28.306,-26.210
n1372320035,"1372320035",node,,,,,,,,,,,,,,,gate,entrance,,,,,,,,,,,,,,,,,,,,,,28.154,-25.889
n1372320049,"1372320049",node,,,,,,,,,,,,,,,gate,entrance,,,,,,,,,,,,,,,,,,,,,,28.152,-25.890
n1372319893,"1372319893",node,,,,,,,,,,,,,,,gate,entrance,,,,,,,,,,,,,,,,,,,,,,28.153,-25.890
n1372319937,"1372319937",node,,,,,,,,,,,,,,,gate,entrance,,,,,,,,,,,,,,,,,,,,,,28.153,-25.888
n1589713292,"1589713292",node,,,,school,Oprah Winfrey Leadership Academy for Girls,,Q7098682,,,,,,,,,,en:Oprah Winfrey Leadership Academy for Girls,,,,,,,,,,,,,,,,,,,,,28.055,-26.547
n1645467931,"1645467931",node,,,,school,Van Riebeeck Park Laerskool,,,,,,,,,,,,,,,,,,,,,,,,,,,,,,,,,28.208,-26.081
n1515833424,"1515833424",node,,,,school,,,,,,,,,,,,,,,,,,,,,,,,,,,,,,,,,,28.211,-26.088
n1531033512,"1531033512",node,,,,school,Laerskool Helderkruin,,Q97333556,,,,,,,,,,,,,,,,,,,,,,,,,,,,,,,27.864,-26.124
n290409907,"290409907",node,,,,school,Meridian,,,,,,,,,,,,,,,,,,,,,,,,,,,,,,,,,28.269,-25.713
n292281238,"292281238",node,,,,school,Laerskool Tygerpoort,,Q97332201,,,,,,,,,,,,,,,,,,,,,,,,,,,,,,,28.353,-25.795
n289674067,"289674067",node,,,,school,Hoërskool Birchleigh,,Q97333916,,,,,,,,,,,,,,,,,,,,,,,,,,,,,,,28.235,-26.056
n289888823,"289888823",node,,,,school,Norkem Park High,,,,,,,,,,,,,,,,,,,,,,,,,,,,,,,,,28.226,-26.049
n306956820,"306956820",node,,,,school,Montic Primary School,,,,,,,,,,,,,,,,,,,,,,,,,,,,,,,,,28.212,-26.422
n306959668,"306959668",node,,,,school,Ithuba Skills College,,,,,,,,,,,,,,,,,,,,,,,,,,,,,,,,,28.211,-26.423
n294746879,"294746879",node,,,,school,Parktown Girls High,,Q97331197,,,,,,,,,,,,,,,,,,,,,,,,,,,,,,,28.022,-26.156
n296498884,"296498884",node,,,,school,Jona Convent,,,christian,,,,,,,,,,,,,,,,,,,,,,,,,,,,,,28.204,-25.728
n242936984,"242936984",node,,,,school,Piet Van Veerun Primary School,,,,,,,,,,,,,,,,,,,,,,,,,,,,,,,,,27.992,-26.191
n243031082,"243031082",node,,,,school,Binham College,,,,,,,,,,,,,,,,,,,,,,,,,,,,,,,,,28.067,-26.130
n113395157,"113395157",node,traffic_signals,traffic_signals,no,,,,,,,,,,,,,,,,,,,,,,,,,,,,,,,,,,,28.061,-26.132
n252954774,"252954774",node,,,,school,Greenside Primary,,,,,,,,,,,,,,,,,,,,,,,,,,,,,,,,,28.013,-26.153
n253041220,"253041220",node,,,,school,Emmarentia Primary School,,Q97331030,,,,,,,,,,,,,,,,,,,,,,,,,,,,,,,28.011,-26.164
n243829557,"243829557",node,,,,school,Klein Pikkewyn,Creche,,,,,,,,,,,,,,,,,,,,,,,,,,,,,,,,27.891,-26.119
n247761218,"247761218",node,,,,school,Vorentoe High School,,,,,,,,,,,,,,,,,,,,,,,,,,,,,,,,,27.993,-26.187
n343491676,"343491676",node,,,,school,Laerskool Kruinsig,,Q97334054,,,,,,,,,,,,,,,,,,,,,,,,,,,,,,,28.245,-26.071
n326931552,"326931552",node,,,,school,Fidelitas High School,,,,,,,,,,,,,,,,,,,,,,,,,,,,,,,,,27.953,-26.245
n343491193,"343491193",node,,,,school,Saint Matthews,,Q97334278,,Kempton Park,"1619",Sim Road,,,,,,,,,,,,,,,,,,,,,,,,,,,28.254,-26.088
n368236447,"368236447",node,,,,school,Muslim School,,,,,,,,,,,,,,,,,,,,,,,,,,,,,,,,,28.099,-26.040
n369598022,"369598022",node,,,,school,Maria Montessori,,,,,,,,,,,,,,,,,,,,,,,,,,,,,,,,,27.967,-25.979
n368233037,"368233037",node,,,,school,Kyalami Preparatory,,Q97331869,,,,,,,,,,,,,,,,,,,,,,,,,,,,,,,28.082,-25.999
n319268026,"319268026",node,,,,school,American Intl,,,,,,,,,,,,,,,,,,,,,,,,,,,,,,,,,28.036,-25.948
n319268033,"319268033",node,,,,school,Riversands Primary,,,,,,,,,,,,,,,,,,,,,,,,,,,,,,,,,28.021,-25.951
n312330786,"312330786",node,,,,school,Madibatlou,,Q97334298,,,,,,,,,,,,,,,,,,,,,,,,,,,,,,,28.253,-25.935
n312348522,"312348522",node,,,,school,Olifantsfontein Primary,,Q97332196,,,,,,,,,,,,,,,,,,,,,,,,,,,,,,,28.228,-25.954
n321837023,"321837023",node,,,,school,Boschkop Primary,,,,,,,,,,,,,,,,,,,,,,,,,,,,,,,,,28.499,-25.857
n325243847,"325243847",node,,,,school,Laerskool Kameeldrift,,Q97332896,,,,,,,,,,,,,,,,,,,,,,,,,,,,,,,28.007,-25.712
n319438299,"319438299",node,,,,school,,,,,,,,,,,,,,,,,,,,,,,,,,,,,,,,,,27.954,-26.238
n320678522,"320678522",node,,,,bench,Place Of Quiet,,,,,,,,,,,,,,,,,,,,,,,,,,,,,,,,,28.233,-25.888
n458411180,"458411180",node,,,,school,,,,,,,,,,,,,,,,,,,,,,,,,,,,,,,,,,28.085,-26.077
n460246375,"460246375",node,,,,school,Houghton Primary School,,,,,,,,,,,,,,,,,,,,,,,,,,,,,,,,,28.066,-26.168
n419830360,"419830360",node,,,,school,Lesedi Secondary,,Q97332600,,,,,,,,,,,,,,,,,,,,,,,,,,,,,,,28.446,-25.771
n420887839,"420887839",node,,,,school,Kwena-Molapo Secondary,,,,,,,,,,,,,,,,,,,,,,,,,,,,,,,,,27.930,-25.966
n479750640,"479750640",node,,,,school,St. Dunstans,,,,,,,,,,,,,,,,,,,,,,,,,,,,,,,,,28.322,-26.147
n479751134,"479751134",node,,,,school,Brandwag,,,,,,,,,,,,,,,,,,,,,,,,,,,,,,,,,28.317,-26.174
n468284433,"468284433",node,,,,school,Tshwane Muslim School,,,,,,,,,,,,,,,,,,,,,,,,,,,,,,,,,28.096,-25.796
n479750621,"479750621",node,,,,school,Rynfield Laerskool,,Q97334563,,,,,,,,,,,,,,,,,,,,,,,,,,,,,,,28.324,-26.149
n370175684,"370175684",node,,,,school,Hoërskool Bekker,,Q97333501,,,,,,,,,,,,,,,,,,,,,,,,,,,,,,,27.556,-25.948
n370175709,"370175709",node,,,,school,Bekker Primary,,,,,,,,,,,,,,,,,,,,,,,,,,,,,,,,,27.552,-25.948
n370175564,"370175564",node,,,,school,Laerskool Hekpoort,,Q97333553,,,,,,,,,,,,,,,,,,,,,,,,,,,,,,,27.600,-25.897
n370175674,"370175674",node,,,,school,Doornbosch Primary,,,,,,,,,,,,,,,,,,,,,,,,,,,,,,,,,27.592,-25.940
n408994457,"408994457",node,,,,school,Laerskool Uniefees,,Q97333119,,,,,,,,,,,,,,,,,,,,,,,,,,,,,,,28.249,-25.551
n408994458,"408994458",node,,,,school,Tomarie Primary,,,,,,,,,,,,,,,,,,,,,,,,,,,,,,,,,28.230,-25.528
n386173074,"386173074",node,,,,school,La Montagne Primary,,Q97332595,,,,,,,,,,,,,,,,,,,,,,,,,,,,,,,28.324,-25.745
n393749415,"393749415",node,,,,school,Laerskool Fleur,,Q97332190,,,,,,,,,,,,,,,,,,,,,,,,,,,,,,,28.210,-25.821
n600823210,"600823210",node,,,,school,Monument Park,,,,,,,,,,,,,,,,,,,,,,,,,,,,,,,,,28.231,-25.800
n600829438,"600829438",node,,,,school,,,,,,,,,,,,,,,,,,,,,,,,,,,,,,,,,,28.147,-25.842
n568335394,"568335394",node,,,,school,Strubenvale Primary School,,Q97335572,,,,,,,,,,,,,,,,,,,,,,,,,,,,,,,28.471,-26.256
n568378180,"568378180",node,,,,school,Johan Jurgens High School,,,,,,,,,,,,,,,,,,,,,,,,,,,,,,,,,28.445,-26.253
n654106699,"654106699",node,,,,school,Christ Church Preparatory School & College,,,,,,,,,,,,,,,,,,,,,,,,,,,,,,,,,28.114,-25.971
n656847952,"656847952",node,,,,school,Buccleuch Primary,,Q97331664,,,,,,,,,,,,,,,,,,,,,,,,,,,,,,,28.101,-26.054
n600831545,"600831545",node,,,,school,,,,,,,,,,,,,,,,,,,,,,,,,,,,,,,,,,28.141,-25.855
n652645304,"652645304",node,,,,school,CVO Moot,,,,,,,,,,,,,,,,,,,,,,,,,,,,,,,,,28.252,-25.710
n496185088,"496185088",node,,,,school,Malvern High School,,Q97331080,,,,,,,,,,,,,,,,,,,,,,,,,,,,,,,28.094,-26.201
n496187055,"496187055",node,,,,school,Leicester Road Primary School,,Q97331077,,,,,,,,,,,,,,,,,,,,,,,,,,,,,,,28.109,-26.195
n479759289,"479759289",node,,,,school,Arbor Pre-Primary School,,,,,,,,,,,,,,,,,,,,,,,,,,,,,,,,,28.304,-26.152
n479761181,"479761181",node,,,,school,Willowmoore High School,,,,,,,,,,,,,,,,,,,,,,,,,,,,,,,,,28.318,-26.200
n531596824,"531596824",node,,,,school,Petra Pre School,,,,,,,,,,,,,,,,,,,,,,,,,,,,,,,,,28.138,-26.136
n564902986,"564902986",node,,,,school,East Rand Christian Academy,,,,,,,,,,,,,,,,,,,,,,,,,,,,,,,,,28.201,-26.180
n496187371,"496187371",node,,,,school,Kensington Ridge Primary School,,Q97331065,,,,,,,,,,,,,,,,,,,,,,,,,,,,,,,28.115,-26.195
n496219203,"496219203",node,,,,school,Jeppe Girls High School,,,,,,,,,,,,,,,,,,,,,,,,,,,,,,,,,28.092,-26.198
n7561711218,"7561711218",node,,,,school,St Stithians College,,,,,,,,,,,,,,,,,,,,,,,,,,,,,,,,,28.008,-26.084
n7572080087,"7572080087",node,,,,school,Forest Hill High School,,,,,,,,,,,,,,,,,,,,,,,,,,,,,,,,,28.043,-26.251
n7548827848,"7548827848",node,,,,school,Ahmed Timol Secondary School,,,,,,,,,,,,,,,,,,,,,,,,,,,,,,,,,27.756,-26.167
n7561711217,"7561711217",node,,,,school,Ferndale Highschool,,,,,,,,,,,,,,,,,,,,,,,,,,,,,,,,,28.004,-26.082
n7572080187,"7572080187",node,,,,school,Curro Academy,,,,,,Sage Wood Street,,,,,,,,,,,,,,,,,087 0877569,http://info.proteaglen@curro.co.za,Curro Academy Protea Glen,,,,,,,,27.815,-26.269
n7572088085,"7572088085",node,,,,school,SPARK Independent & Private School,,,,,,,,,,,,,,,,,,,,,,,,,,,,,,,,,27.811,-26.272
n7572080091,"7572080091",node,,,,school,Reboni Primary School,,,,,,,,,,,,,,,,,,,,,,,,,,,,,,,,,27.817,-26.256
n7572080093,"7572080093",node,,,,school,Margaret Gwele Primary School,,Q97333758,,,,,,,,,,,,,,,,,,,,,,,,,,,,,,,27.871,-26.226
n7026407683,"7026407683",node,,,,school,EKUKHANYISELWENI CHRISTIAN SCHOOL,,Q97336654,,,,,,,,,,,,,,,,,,,,,,,,,,,,1-3,,,28.190,-26.026
n7124397990,"7124397990",node,,,,school,Highlands North Boys' High School,,Q97331044,,,,,,,,,,,,,,,,,,,,,,,,,,,,,,,28.082,-26.147
n6786286083,"6786286083",node,,,,school,Pure Hope Primary,,,christian,Pretoria,,De Villebois Mareuil Drive,,"1353",,,,,,,,,,,,,suzanne@moreleta.co.za,,"+27129978083",,,,,,,,,,28.305,-25.828
n7023791253,"7023791253",node,,,,school,RENLYN'S MODERN MONTESORRI,,,,,,,,,,,,,,,,,,,,,,,,,,,,,,"1",,,28.127,-26.089
n7395128688,"7395128688",node,,,,,,,,,,,,,,private,gate,,,,,,no,,,,,,,,,,,,,,,yes,,28.082,-26.203
n7521711770,"7521711770",node,,,,,,,,,,,,,,,gate,,,,,,,,,,,,,,,,,,,,,,,27.867,-26.202
n7156512380,"7156512380",node,,,,,,,,,,,,,,,gate,,,,,,,,,,,,,,,,,,,,,,,27.833,-26.062
n8001290250,"8001290250",node,,,,,,,,,,,,,,,gate,,,,,,,,,,,,,,,,,,,,,,,27.882,-26.211
n8001398428,"8001398428",node,,,,,,,,,,,,,,,gate,,,,,,,,,,,,,,,,,,,,,,,27.867,-26.215
n8003301389,"8003301389",node,,,,,,,,,,,,,,,gate,,,,,,,,,,,,,,,,,,,,,,,27.862,-26.216
n8001398429,"8001398429",node,,,,,,,,,,,,,,,gate,,,,,,,,,,,,,,,,,,,,,,,27.866,-26.214
n8001398430,"8001398430",node,,,,,,,,,,,,,,,gate,,,,,,,,,,,,,,,,,,,,,,,27.867,-26.215
n7575429889,"7575429889",node,,,,school,Protea Glen High School,,,,,,,,,,,,,,,,,,,,,,,,,,,,,,,,,27.800,-26.281
n7578651481,"7578651481",node,,,,,,,,,,,,,,,gate,,,,,,,,,,,,,,,,,,,,,,,27.912,-26.228
n7575429787,"7575429787",node,,,,school,Lakeview Primary School,,Q97330885,,,,,,,,,,,,,,,,,,,,,,,,,,,,,,,27.886,-26.264
n7575429790,"7575429790",node,,,,school,Maryvale Pre-Primary and Primary School,,,,,,,,,,,,,,,,,,,,,,,,,,,,,,,,,28.086,-26.152
n7792068660,"7792068660",node,,,,school,Charter House Prepratory School,,,,Roodepoort,,Erasmus Road,,"10",,,,,,,,,,,,,,,,https://www.charterhouse.co.za/,,0-6,,,,,,,27.918,-26.112
n7796230352,"7796230352",node,,,,school,Hekpoort Primary Farm School,,,,,,,,,,,,,,,,,,,,,,,,,,,,,,,,,28.154,-26.456
n7579931185,"7579931185",node,,,,school,Mncube Secondary School,,Q97331371,,,,,,,,,,,,,,,,,,,,,,,,,,,,,,,27.881,-26.228
n7781200996,"7781200996",node,,,,school,Sharicrest Primary School,,,,Lenasia,"1820",Volta Street,,,,,,,,,,,,,Government,,,,,,,1-7,,,,,,public,27.862,-26.343
n8117852624,"8117852624",node,,,,,,,,,,,,,,,gate,,,,,,,,,,,,,,,,,,,,,,,28.159,-26.363
n8044463721,"8044463721",node,,,,,,,,,,,,,,,gate,,,,,,,,,,,,,,,,,,,,,,,28.156,-26.152
n8018448287,"8018448287",node,,,,school,Lethabong Secondary School,,,,,,,,,,,,,,,,,,,,,,,,,,,,,,,,,28.106,-25.506
n8038045885,"8038045885",node,,,,school,Pelotona Secondary School,,,,,,,,,,,,,,,,,,,,,,,,,,,,,,,,,28.042,-25.516
n8044463694,"8044463694",node,,,,,,,,,,,,,,,gate,,,,,,,,,,,,,,,,,,,,,,,28.157,-26.151
n8044463695,"8044463695",node,,,,,,,,,,,,,,,gate,,,,,,,,,,,,,,,,,,,,,,,28.156,-26.151
n8039118886,"8039118886",node,,,,school,Marist Brothers School,,,,,,,,,,,,,,,,,,,,,,,,,,,,,,,,,28.049,-26.121
n8044463693,"8044463693",node,,,,,,,,,,,,,,,gate,,,,,,,,,,,,,,,,,,,,,,,28.157,-26.151
n5770543987,"5770543987",node,,,,school,SPARK Centurion Primary School,,,,Centurion,"0157",Witpenssekelstert Street,,,,,,,,,,,,,SPARK Schools,,centurion@sparkschools.co.za,,+27 10 590 6305,https://www.sparkschools.co.za,,,,,,,,,28.134,-25.861
n5821105115,"5821105115",node,uncontrolled,crossing,,,,,,,,,,,,,,,,,,,,,,,,,,,,,,,,,,,,27.894,-26.149
n5488206980,"5488206980",node,,,,school,Laerskool Die Arend,,,,,,,,,,,,,,,,,,,,,,,,,,,,,,,,,28.357,-26.245
n5657134322,"5657134322",node,,,,school,,,,,,,,,,,,,,,,,,,,,,,,,,,,,,,,,,28.149,-26.155
n5859976785,"5859976785",node,,,,school,Blue Sea Day Care,,,,,"2090",9th Road,,"99",,,,,,,,,,,Véronique Mbiatchou,,mpodo1995@gmail.com,Mo-Fr 06:00-17:00,+27 710519255,,,,,,,,,,28.095,-26.119
n5861328389,"5861328389",node,,,,,,,,,,,,,,private,gate,,,,,,,,,,,,,,,,,,,,,,,28.201,-26.100
n5838794030,"5838794030",node,,,,school,Willie's Driving School,,,,,,Makhobela Street,,,,,,,,,,,,,,,,,,,,,,,,,,,27.875,-26.232
n5182415131,"5182415131",node,,,,,,,,,,,,,,,gate,,,,,,,,,,,,,,,,,,,,,,,27.833,-26.064
n5330911521,"5330911521",node,,,,school,Rhulani Secondary School,,,,,,,,,,,,,,,,,,,,,,,,,,,,,,,,,28.109,-25.516
n5159149621,"5159149621",node,,,,school,Casa do Sol School,,,,,,,,,,,,,,,,,,,,,,,,,,,,,,,,,27.994,-26.125
n5180332021,"5180332021",node,,,,school,The Animation School,,,,,,,,,,,,,,,,,,,,,,,,,,,,,,,,,28.035,-26.148
n5488206975,"5488206975",node,,,,school,Hoerskool Stoffberg,,Q97334544,,,,,,,,,,,,,,,,,,,,,,,,,,,,,,,28.357,-26.246
n5409582460,"5409582460",node,,,,school,Rand Park High School,,,,,,,,,,,,,,,,,,,,,,,,,,,,,,,,,27.958,-26.094
n5432163720,"5432163720",node,,,,school,Park Primary,,Q97329839,,,,,,,,,,,,,,,,,,,,,,,,,,,,,,,27.833,-26.318
n6025596526,"6025596526",node,,,,,,,,,,,,,,,gate,,,,,,,,,,,,,,,,,,,,,,,28.473,-26.129
n6027716799,"6027716799",node,,,,,,,,,,,,,,,gate,,,,,,,,,,,,,,,,,,,,,,,28.352,-26.137
n5970436664,"5970436664",node,,,,school,Laerskool,,,,,,Allen Road,,,,,,,,,,,,,,,,,,,,,,,,,,,28.447,-26.281
n5973309090,"5973309090",node,,,,school,tulip,,,,,,,,,,,,,,,,,,,,,,,,,,,,,,,,,27.858,-26.116
n6039708257,"6039708257",node,,,,school,Kyalami Kids Pre-School,,,,,,Anton Hartman Street,,,,,,,,,,,,,,,,,,,,,,,,,,,28.094,-26.001
n6043250613,"6043250613",node,,,,school,Mati-To-Tenga Combined School,,,,,,Khakhu Street,,,,,,,,,,,,,,,,,,,,,,,,,,,28.410,-26.150
n6032967791,"6032967791",node,uncontrolled,crossing,,,,,,,,,,,,,,,,,,,,,,,,,,,,,,,,,,,,27.763,-26.092
n6032967792,"6032967792",node,uncontrolled,crossing,,,,,,,,,,,,,,,,,,,,,,,,,,,,,,,,,,,,27.763,-26.091
n5888239784,"5888239784",node,,,,school,Vector College,,,,,,,,,,,,,,,,,,,,,,,,,,,,,,,,,28.042,-26.200
n5897794598,"5897794598",node,,,,school,Bedfordview High School,,Q97331938,,,,Healey Road,,,,,,,,,,,,,,,,,,,,,,,,,,,28.128,-26.196
n5862355985,"5862355985",node,,,,school,Duzek Christian School,,,,,,Claim Street,,,,,,,,,,,,,,,,,,,,,,,,,,,28.049,-26.189
n5862418786,"5862418786",node,,,,school,South African Theological Seminary,,,,,"2191",Grosvenor Road,,"37",,,,,,,,,,,NGO,,info@sats.edu.za,Mo-Fr 09:00-18:00,+27 112344440,https://www.sats.edu.za/,,,,,,,,,28.021,-26.060
n5911445922,"5911445922",node,,,,school,Speelkas Kleuterskool,,,,Highveld Park X12,,Charles De Gaulle Crescent,,"17",,,,,,,,,,,,,,,,,,,,,,,,,28.199,-25.878
n5921658250,"5921658250",node,,,,school,,,,,,,,,,,,,,,,,,,,,,,,,,,,,,,,,,28.010,-26.470
n5902188358,"5902188358",node,uncontrolled,crossing,,,,,,,,,,,,,,,,,,,,,,,,,,,,,,,zebra,,,,,28.103,-26.190
n5902188359,"5902188359",node,uncontrolled,crossing,,,,,,,,,,,,,,,,,,,,,,,,,,,,,,,zebra,,,,,28.104,-26.189
n6271251926,"6271251926",node,,,,school,,,,,,,,,,,,,,,,,,,,,,,,,,,,,,,,,,27.904,-26.222
n6271251927,"6271251927",node,,,,school,,,,,,,,,,,,,,,,,,,,,,,,,,,,,,,,,,27.905,-26.222
n6251196221,"6251196221",node,,,,,,,,,,,,,,yes,gate,,,,,,,,,,,,,,,,,,,,,,,28.020,-26.180
n6253977136,"6253977136",node,,,,school,,,,,,,,,,,,,,,,,,,,,,,,,,,,,,,,,,28.332,-26.552
n6271252306,"6271252306",node,,,,school,Emadwaleni Secondary School,,Q97331268,,,,,,,,,,,,,,,,,,,,,,,,,,,,,,,27.917,-26.228
n6271252313,"6271252313",node,,,,school,Realogile High School,,,,,,,,,,,,,,,,,,,,,,,,,,,,,,,,,28.101,-26.105
n6271251930,"6271251930",node,,,,school,Belle Higher Primary School,,,,,,,,,,,,,,,,,,,,,,,,,,,,,,,,,27.908,-26.235
n6271251946,"6271251946",node,,,,school,Menzi Primary School,,Q97335853,,,,,,,,,,,,,,,,,,,,,,,,,,,,,,,28.396,-26.327
n6046754453,"6046754453",node,,,,,,,,,,,,,,,,,,,,,,,,,main,,,,,,,,,,,,,28.414,-26.143
n6047054378,"6047054378",node,,,,,,,,,,,,,,,,,,,,,,,,,main,,,,,,,,,,,,,28.429,-26.137
n6229596514,"6229596514",node,,,,school,Abbots College,,,,,,,,,,,,,,,,,,,,,,,,,,,,,,,,,28.178,-25.877
n6251196207,"6251196207",node,,,,,,,,,,,,,,yes,gate,,,,,,,,,,,,,,,,,,,,,,,28.020,-26.181
n6401736888,"6401736888",node,,,,school,Kingdom Hall,,,,,,,,,,,,,,,,,,,,,,,,,,,,,,,,,28.174,-26.232
n6401742385,"6401742385",node,,,,school,Task Accademy,,,,,,,,,,,,,,,,,,,,,,,,,,,,,,,,,28.014,-26.200
n6360400531,"6360400531",node,,,,school,Sunnyside Primary School,,,,Pretoria,"0002",,,,,,,,,,,,,,,,,,,,,,,,Sunnyside,,,,28.205,-25.757
n6377515986,"6377515986",node,,,,school,Shomang Primary School,,Q97331408,,,,,,,,,,,,,,,,,,,,,,,Nkanyezi Stimulation Centre,,,,,,,,27.918,-26.230
n6657279588,"6657279588",node,,,,school,Kameeldrift-West Primary School,,,,,,,,,,,,,,,,,,,,,,,,,,,,,,,,,28.006,-25.712
n6786286082,"6786286082",node,,,,school,Moreleta Duifies Creche Cum Kleuterskool,,,christian,,,De Villabois,,"1353",,,,,,,,,,,,,duifies@moreleta.co.za,,"+27129978070",,,,,,,,,,28.305,-25.830
n6406302461,"6406302461",node,,,,,,,,,,,,,,,gate,,,,,,,,,,,,,,,,,,,,,,,28.170,-25.668
n6570261798,"6570261798",node,,,,school,Spark School Cresta,,,,,,,,,,,,,,,,,,,,,,,,,,,,,,,,,27.977,-26.106
n6271254694,"6271254694",node,,,,school,Bona Comprehensive High School,,Q97331252,,,,,,,,,,,,,,,,,,,,,,,,,,,,,,,27.917,-26.247
n6271254695,"6271254695",node,,,,school,St. John Berchman's Primary School,,Q97331412,,,,,,,,,,,,,,,,,,,,,,,,,,,,,,,27.928,-26.246
n6271252317,"6271252317",node,,,,school,,,,,,,,,,,,,,,,,,,,,,,,,,,,,,,,,,27.907,-26.232
n6271254692,"6271254692",node,,,,school,Sapebuso Higher Primary School,,,,,,,,,,,,,,,,,,,,,,,,,,,,,,,,,27.917,-26.227
n6271254808,"6271254808",node,,,,school,Daliwonga Secondary School,,Q97331256,,,,,,,,,,,,,,,,,,,,,,,,,,,,,,,27.889,-26.232
n6271255302,"6271255302",node,,,,school,Ditawana Primary School,,Q97331260,,,,,,,,,,,,,,,,,,,,,,,,,,,,,,,27.935,-26.243
n6271254709,"6271254709",node,,,,school,,,,,,,,,,,,,,,,,,,,,,,,,,,,,,,,,,27.903,-26.220
n6271254795,"6271254795",node,,,,school,Vezubuhle Lower Primary School,,,,,,,,,,,,,,,,,,,,,,,,,,,,,,,,,27.915,-26.222
n4208884068,"4208884068",node,,,,school,Constantia Kloof Primary,,Q97333480,,Roodepoort,,Liebenberg Street,,,,,,,,,,,,,,,,,,,,,,,,,,,27.905,-26.145
n4208891454,"4208891454",node,,,,school,Ridgevale Primary,,,,,,Wilde Amandel Avenue,,,,,,,,,,,,,,,,,,,,,,,,,,,27.849,-26.110
n4207257688,"4207257688",node,,,,school,Hoërskool Jeugland Parkering,,,,,,,,,,,,,,,,,,,,,,,,,,,,,,,,,28.213,-26.075
n4208884059,"4208884059",node,,,,school,Laerskool Roodekrans,,,,,,Gardenia Avenue,,,,,,,,,,,,,,,,,,,,,,,,,,,27.845,-26.108
n4291418492,"4291418492",node,,,,school,Falcon High,,,,,,,,,,,,,,,,,,,,,,,,,,,,,,,,,28.238,-26.307
n4295599096,"4295599096",node,,,,school,Fidelity Training Academy,,,,,,Madeline Street,,,,,,,,,,,,,,,,,,,,,,,,,,,27.915,-26.172
n4284380611,"4284380611",node,,,,school,Midstream Ridge Primary,,,,,,,,,,,,,,,,,,,,,,,,,,,,,,,,,28.209,-25.920
n4284380612,"4284380612",node,,,,school,Midstream Ridge Pre Primary,,,,,,,,,,,,,,,,,,,,,,,,,,,,,,,,,28.209,-25.921
n4098511187,"4098511187",node,,,,school,Laerskool Jan Celliers,,Q97331073,,,,,,,,,,,,,,,,,,,,,,,,,,,,,,,28.027,-26.157
n4099796067,"4099796067",node,,,,school,Japanese School of Johannesburg,,Q11346130,,,,,,,,,,,,,,,,,,,,,,,,,,,,,,,28.000,-26.150
n4004532513,"4004532513",node,,,,,,,,,,,,,,yes,gate,,,,,,,,,,,,,,,,,,,,,,,28.327,-25.812
n4004532538,"4004532538",node,,,,,,,,,,,,,,yes,gate,,,,,,,,,,,,,,,,,,,,,,,28.327,-25.812
n4193738448,"4193738448",node,,,,school,Laerskool Môrewag,,Q97334555,,Brakpan,,Evans Street,,,,,,,,,,,,Laerskool Môrewag,,,,,,,,,,,,,,,28.379,-26.250
n4200506767,"4200506767",node,,,,school,Annetjie Academy,,,,,,Maugham Road,,"100",,,,,,,,,,,,,,,,,,,,,,,,,27.707,-26.178
n4099900368,"4099900368",node,,,,school,St Teresa's School,,,,,,,,,,,,,,,,,,,,,,,,,,,,,,,,,28.037,-26.144
n4193694172,"4193694172",node,,,,school,Hoërskool Die Anker,,Q97334538,,Brakpan,"1542",Tweety Street,,,,,,,,,,,,Hoërskool Die Anker,,,,,,,,,,,,,,,28.384,-26.257
n4398999430,"4398999430",node,,,,school,Laerskool Drie Riviere,,Q97335200,,,,,,,,,,,,,,,,,,,,,,,,,,,,,,,27.968,-26.657
n4399001812,"4399001812",node,,,,school,Vereeniging Gimnasium,,,,,,,,,,,,,,,,,,,,,,,,,,,,,,,,,27.926,-26.665
n4398999427,"4398999427",node,,,,school,Hoërskool Drie Riviere,,Q97335191,,,,,,,,,,,,,,,,,,,,,,,,,,,,,,,27.974,-26.658
n4398999428,"4398999428",node,,,,school,Laerskool Suikerbos,,Q97335208,,,,,,,,,,,,,,,,,,,,,,,,,,,,,,,28.006,-26.660
n4399038106,"4399038106",node,,,,school,Alberview Primary School,,,,,,,,,,,,,,,,,,,,,,,,,,,,,,,,,28.115,-26.282
n4399038108,"4399038108",node,,,,school,Hoërskool Dinamika,,,,,,,,,,,,,,,,,,,,,,,,,,,,,,,,,28.102,-26.314
n4399012160,"4399012160",node,,,,school,Laerskool Vryheidsmonument,,Q97335214,,,,,,,,,,,,,,,,,,,,,,,,,,,,,,,27.923,-26.646
n4399038102,"4399038102",node,,,,school,Hoërskool Marais Viljoen,,,,,,,,,,,,,,,,,,,,,,,,,,,,,,,,,28.106,-26.270
n4317340193,"4317340193",node,,,,,Boksburg high school east entrance,,,,,,,,,yes,gate,,,,,,,,,,,,,,,,,,,,,,,28.253,-26.226
n4317349689,"4317349689",node,,,,,Boksburg high school west gate,,,,,,,,,yes,gate,,,,,,,,,,,,,,,,,,,,,,,28.256,-26.226
n4315359189,"4315359189",node,,,,school,Laarskool AG Visser,,,,,,A.G. Visser Street,,,,,,,,,,,,,,,,,,,,,,,,,,,28.365,-26.527
n4315381389,"4315381389",node,,,,school,St. John the Baptist Catholic School,,Q97336112,,,"1724",Amelia Street,,"11",,,,,,,,,,,,,stjbcs@mweb.co.za,Mo-Fr 07:00-16:00,"+27117631050",http://www.sjbcschool.org,,,,,,,,,27.865,-26.159
n4398999426,"4398999426",node,,,,school,Laerskool Risiville,,,,,,,,,,,,,,,,,,,,,,,,,,,,,,,,,27.982,-26.645
n4323280755,"4323280755",node,,,,school,Prince's Park College,,,,,,,,,,,,,,,,,,,,,,,,,,,,,,,,,28.188,-25.743
n4734406749,"4734406749",node,,,,school,Hoërskool Randburg,,,,,,,,,,,,,,,,,,,,,,,,,,,,,,,,,27.989,-26.108
n4734542828,"4734542828",node,,,,school,Monument Primary School,,,,,,,,,,,,,,,,,,,,,,,,,,,,,,,,,27.789,-26.096
n4595455589,"4595455589",node,,,,school,MGI,,,,,,,,,,,,,,,,,,,,,,,,,,,,,,,,,28.134,-26.020
n4629920876,"4629920876",node,,,,school,Shangri-La Academy,,Q97334302,,,,,,,,,,,,,,,,,,,,,,,,,,,,,,,28.245,-26.075
n4749192065,"4749192065",node,,,,school,Hoërskool Monument,,,,,,,,,,,,,,,,,,,,,,,,,,,,,,,,,27.774,-26.094
n4753377124,"4753377124",node,,,,school,Morosele High School,,,,,,,,,,,,,,,,,,,,,,Mo-Fr 07:00-16:00,,,Morosele High School,,,,,,,,28.038,-25.507
n4749138171,"4749138171",node,,,,school,Krugersdorp High School,,,,,,,,,,,,,,,,,,,,,,,,,,,,,,,,,27.801,-26.104
n4749184819,"4749184819",node,,,,school,Hoërskool Monument Sports Ground,,,,,,,,,,,,,,,,,,,,,,,,,,,,,,,,,27.776,-26.092
n4421614889,"4421614889",node,,,,school,,,,,,,,,,,,,,,,,,,,,,,,,,,,,,,,,,28.163,-25.740
n4421614989,"4421614989",node,,,,school,,,,,,,,,,,,,,,,,,,,,,,,,,,,,,,,,,28.163,-25.740
n4399038111,"4399038111",node,,,,school,Kenton Primary School,,,,,,,,,,,,,,,,,,,,,,,,,,,,,,,,,28.104,-26.310
n4399038832,"4399038832",node,,,,school,Laerskool Generaal Alberts,,,,,,,,,,,,,,,,,,,,,,,,,,,,,,,,,28.118,-26.269
n4594002092,"4594002092",node,,,,school,,,,,,,,,,,,,,,,,,,,,,,,,,,,,,,,,,28.407,-25.699
n4594002093,"4594002093",node,,,,school,,,,,,,,,,,,,,,,,,,,,,,,,,,,,,,,,,28.410,-25.699
n4518646291,"4518646291",node,,,,school,Redhill School,,,,,,Summit Road,,,,,,,,,,,,,,,,"Mo-Tu, Th-Fr 07:30-14:30; We 07:30-13:30",,http://redhill.co.za,Redhill School,,,,,,,,28.061,-26.077
n4593999490,"4593999490",node,,,,school,,,,,,,Tsamaya Avenue,,,,,,,,,,,,,,,,,,,,,,,,,,,28.412,-25.696
n4824305221,"4824305221",node,,,,school,,,,,,"0122",Tsipa Street,,"32969",,,,,,,,,,,,,,,,,,,,,,,,,28.432,-25.711
n4857424530,"4857424530",node,,,,school,Al-Aqsa High School,Private High School,,muslim,Lenasia,"1827",Volta Street,,"8547",,,,,,,,,,,,,,,+27 11 857 1464,,,8-12,,,,,,,27.860,-26.344
n4822612383,"4822612383",node,,,,school,Hoërskool Hugenote Sport Gate,,,,,,,,,,,,,,,,,,,,,,,,,,,,,,,,,28.436,-26.238
n4822612521,"4822612521",node,,,,school,Hoërskool Hugenote Main Gate,,,,,,,,,,,,,,,,,,,,,,,,,,,,,,,,,28.436,-26.238
n4952565187,"4952565187",node,,,,school,JoziHub,,,,,,Stanley Ave,,"44",,,,,,,,,,,,,,,"+27824513654",http://jozihub.org/,,,,,,,,,28.019,-26.186
n5115298524,"5115298524",node,,,,school,Silverfields Primary,,,,,,,,,,,,,,,,,,,,,,,,,,,,,,,,,27.818,-26.115
n4887639321,"4887639321",node,,,,school,Thulani middle school,,,,,,,,,,,,,,,,,,,,,,,,,Thulani middle school,,,,,,,,28.110,-25.517
n4933589918,"4933589918",node,,,,school,Saxonworld primary school,,,,,,,,,,,,,,,,,,,,,,,,,,,,,,,,,28.046,-26.162
n4753377128,"4753377128",node,,,,school,Dr Mokoma High School,,,,,,,,,,,,,,,,,,,,,,,,,Dr Mokoma High School,,,,,,,,28.050,-25.516
n4753377129,"4753377129",node,,,,school,Dr Ngaka Maseko High School,,,,,,,,,,,,,,,,,,,,,,,,,Dr Ngaka Maseko High School,,,,,,,,28.050,-25.490
n4753377125,"4753377125",node,,,,school,Modisabana Day-care center,,,,,,,,,,,,,,,,,,,,,,,,,Modisabana Day-care center,,,,,,,,28.047,-25.506
n4753377127,"4753377127",node,,,,school,Mabopane High School,,,,,,,,,,,,,,,,,,,,,,,,,Mabopane High School,,,,,,,,28.061,-25.500
n4778880445,"4778880445",node,,,,school,Germany International School Pretoria,,,,,,Simon Vermooten Road,,,,,,,,,,,,,,,,,,,Germany International School Pretoria,,,,,,,,28.328,-25.748
n4814898386,"4814898386",node,,,,school,Midstream Ridge Baby House,,,,,,,,,,,,,,,,,,,,,,,,,,,,,,,,,28.210,-25.921
n4753427921,"4753427921",node,,,,school,Pelotona High School,,,,,,,,,,,,,,,,,,,,,,,,,Pelotona High School,,,,,,,,28.042,-25.516
n4774555321,"4774555321",node,,,,school,Legora primary school,,Q97332602,,,"0122",tsipa,,"32969",,,,,,,,,,,,,,,,,Home,,,,,,,,28.421,-25.726
n2069356905,"2069356905",node,,,,kindergarten,,,,,,,,,,,,,,,,,,,,,,,,,,,,,,,,,,28.214,-25.894
n2051225300,"2051225300",node,,,,,,,,,,,,,,,entrance,,,,,,,,,,,,,,,,,,,,,,,28.234,-25.775
n2051225306,"2051225306",node,,,,,,,,,,,,,,,entrance,,,,,,,,,,,,,,,,,,,,,,,28.232,-25.775
n2388570016,"2388570016",node,,,,,,,,,,,,,,,gate,,,,yes,yes,yes,yes,,,,,,,,,,,,,,,,28.286,-25.748
n2388570021,"2388570021",node,,,,,,,,,,,,,,,gate,,,,yes,yes,yes,yes,,,,,,,,,,,,,,,,28.287,-25.750
n2232335397,"2232335397",node,,,,school,Sjambok Primary School,,,,,,,,,,,,,"600102003",,,,,,,,,,,,,,,,,,,,28.042,-25.565
n2349295452,"2349295452",node,,,,,,,,,,,,,,,,entrance,,,,,,,,,,,,,,,,,,,,,,27.895,-26.216
n1768508772,"1768508772",node,,,,school,Andrew Anthony Primary School,,Q97332619,,,,,,,,,,,,,,,,,,,,,,,,,,,,,,,28.103,-25.784
n1768512328,"1768512328",node,,,,school,Sunrise School,,,,,,,,,,,,,,,,,,,,,,,,,,,,,,,,,28.111,-25.789
n1712428619,"1712428619",node,,,,school,Benoni Muslim School,,Q97334840,,,,,,,,,,,,,,,,,,,,,,,,,,,,,,,28.324,-26.202
n1742074229,"1742074229",node,,,,school,Parkview Junior Primary School,,Q97331198,,,,,,,,,,,,,,,,,,,,,,,,,,,,,,,28.024,-26.159
n1800002675,"1800002675",node,,,,school,Henley High,,,,,,,,,,,,,,,,,,,,,,,,,,,,,,,,,28.061,-26.528
n2051225296,"2051225296",node,,,,,,,,,,,,,,,entrance,,,,,,,,,,,,,,,,,,,,,,,28.233,-25.774
n1777309878,"1777309878",node,,,,,,,,,,,,,,,lift_gate,,,,,,,,,,,,,,,,,,,,,,,28.233,-25.872
n1800001757,"1800001757",node,,,,school,Henley Preparatory School,,,,,,,,,,,,,,,,,,,,,,,,,,,,,,,,,28.062,-26.529
n2623781580,"2623781580",node,,,,school,Sagewood Pre-primary,,,,,,,,,,,,,,,,,,,,,,,,,,,,,,,,,28.108,-25.957
n2631029821,"2631029821",node,,,,school,Aston Manor Primary School,,Q97333903,,Kempton Pank,"1619",Eland Road,,,,,,,,,,,,,,,,,,,,,,,,,,,28.241,-26.088
n2623781578,"2623781578",node,,,,school,Sagewood Preparatory,,,,,,,,,,,,,,,,,,,,,,,,,,,,,,,,,28.107,-25.957
n2623781579,"2623781579",node,,,,school,Sagewood College,,,,,,,,,,,,,,,,,,,,,,,,,,,,,,,,,28.108,-25.957
n2633516748,"2633516748",node,,,,school,Kempton Park Primary School,,Q97334038,,Kempton Park,"1619",Highveld Road,,,,,,,,,,,,,,,,,,,,,,,,,,,28.234,-26.095
n2712689575,"2712689575",node,,,,school,KYP - Kliptown Youth Program,,,,,,,,,,,,,,,,,,,,,,,,,,,,,,,,,27.886,-26.276
n2633278902,"2633278902",node,,,,school,Impala Laer Skool,,,,Kempton Park,"1619",Van Riebeeck,,,,,,,,,,,,,,,,,,,,,,,,,,,28.231,-26.086
n2633278904,"2633278904",node,,,,school,Kempton Park Hoer Skool,,Q97333921,,Kempton Park,"1619",Van Riebeeck,,,,,,,,,,,,,,,,,,,,,,,,,,,28.234,-26.089
n2469480969,"2469480969",node,,,,school,Skeen Primary School,,Q97331850,,,,,,,,,,,,,,,,,,,,,,,,,,,,,,,28.119,-26.100
n2470192825,"2470192825",node,,,,school,Pinegrove Primary School,,Q97335558,,,,,,,,,,,,,,,,,,,,,,,,,,,,,,,28.427,-26.241
n2392992944,"2392992944",node,,,,school,Hoërskool Erasmus,,Q97332175,,,,,,,,,,,,,,,,,,,,,,,,,,,,,,,28.734,-25.813
n2452724801,"2452724801",node,,,,school,Crawford College,,,,,,,,,,,,,,,,,,,,,,,,,,,,,,,,,28.049,-26.098
n2571345843,"2571345843",node,,,,school,,,,,,,,,,,,,,,,,,,,,,,,,,,,,,,,,,28.354,-26.513
n2573019027,"2573019027",node,,,,school,McAuley House,,Q97331089,,,,,,,,,,,,,,,,,,,,,,,,,,,,,,,28.019,-26.181
n2484647878,"2484647878",node,,,,school,Alliance Française,,,,,,,,,,,,,,,,,,,,,,,,,,,,,,,,,28.031,-26.163
n2531090767,"2531090767",node,,,,school,Ubuhle Care and Development,,,,Bronkhorstspruit,"1020",,,523JR,,,,,,,,,,Farm Vlakfontein,Charity,,,,,,,,,,,,,,28.692,-25.861
n2918364625,"2918364625",node,,,,school,Randfontein Primary,,Q97334381,,,,,,,,,,,,,,,,,,,,,,,,,,,,,,,27.694,-26.154
n2918364671,"2918364671",node,,,,school,Laerskool Rapportryer,,Q97334377,,,,,,,,,,,,,,,,,,,,,,,,,,,,,,,27.682,-26.167
n2918354345,"2918354345",node,,,,school,Laerskool Randfontein,,Q97334376,,,,,,,,,,,,,,,,,,,,,,,,,,,,,,,27.700,-26.175
n2918364620,"2918364620",node,,,,school,Greenhills Preparatory,,,,,,,,,,,,,,,,,,,,,,,,,,,,,,,,,27.698,-26.164
n2964506831,"2964506831",node,,,,school,Zonkizizwe Primary School,,,,,,,,,,,,,,,,,,,,,,,,,,,,,,,,,27.883,-26.501
n3025398572,"3025398572",node,,,,,,,,,,,,,,,kerb,,,,,,,,,,,,,,,,,,,,,,,28.071,-26.206
n2924886205,"2924886205",node,,,,school,Bophelong Sports Ground,,,,,,,,,,,,,,,,,,,,,,,,,,,,,,,,,28.017,-25.938
n2924886206,"2924886206",node,,,,school,Akani Sports Ground,,,,,,,,,,,,,,,,,,,,,,,,,,,,,,,,,28.018,-25.938
n2906427090,"2906427090",node,,,,school,,,,,,,,,,,,,,,,,,,,,,,,,,,,,,,,,,27.926,-26.229
n2906427091,"2906427091",node,,,,school,Lofentse Comprehensive High School,,,,,,,,,,,,,,,,,,,,,,,,,,,,,,,,,27.928,-26.227
n2906422260,"2906422260",node,,,,school,AB Xuma Primary School,,Q97331243,,,,,,,,,,,,,,,,,,,,,,,,,,,,,,,27.920,-26.235
n2906422288,"2906422288",node,,,,school,,,,,,,,,,,,,,,,,,,,,,,,,,,,,,,,,,27.924,-26.230
n2918332513,"2918332513",node,,,,school,Laerskool Betsie Verwoerd,,,,,,,,,,,,,,,,,,,,,,,,,,,,,,,,,27.704,-26.186
n2918332516,"2918332516",node,,,,school,Hoerskool Jan Viljoen,,Q97334328,,,,,,,,,,,,,,,,,,,,,,,,,,,,,,,27.705,-26.183
n2906427092,"2906427092",node,,,,school,Emthonjeni Primary School,,,,,,,,,,,,,,,,,,,,,,,,,,,,,,,,,27.927,-26.228
n2918332511,"2918332511",node,,,,school,Hoerskool Riebeeckrand,,Q97334330,,,,,,,,,,,,,,,,,,,,,,,,,,,,,,,27.697,-26.179
n3724635786,"3724635786",node,,,,school,Höerskool Zwartkop,,,,,,,,,,,,,,,,,,,,,,,,,,,,,,,,,28.166,-25.849
n3760320620,"3760320620",node,,,,,,,,,,,,,,,gate,,,,,,,,,,,,,,,,,,,,,,,27.860,-26.210
n3587626511,"3587626511",node,,,,school,,,,,,,,,,,,,,,,,,,,,,,,,,,,,,,,,,28.385,-25.642
n3682561000,"3682561000",node,,,,school,Hoerskool Noordheuwel Entrance,,,,Krugersdorp,,Bell Drive,,,,,,,,,,,,,,,,,,,,,,,,,,,27.808,-26.097
n3763641928,"3763641928",node,,,,,,,,,,,,,,,gate,,,,,,,,,,main,,,,,,,,,,,,,27.824,-26.239
n3889034756,"3889034756",node,,,,school,Anchor Comprehensive School,,Q97331246,,,,,,,,,,,,,,,,,,,,,,,,,,,,,,,27.914,-26.220
n3760320625,"3760320625",node,,,,,,,,,,,,,,,gate,,,,,,,,,,service,,,,,,,,,,,,,27.859,-26.210
n3760328296,"3760328296",node,,,,,,,,,,,,,,,gate,,,,,,,,,,main,,,,,,,,,,,,,27.881,-26.212
n3071919298,"3071919298",node,,,,school,,,,,,,,,,,,,,,,,,,,,,,,,,,,,,,,,,28.443,-26.302
n3058003545,"3058003545",node,,,,school,,,,,,,,,,,,,,,,,,,,,,,,,,,,,,,,,,28.109,-25.989
n3071850265,"3071850265",node,,,,school,Die Heuwel Laerskool,,,,,,,,,,,,,,,,,,,,,,,,,,,,,,,,,28.140,-25.752
n3401564117,"3401564117",node,,,,school,Cooper College Sports Grounds,,,,,,,,,,,,,,,,,,,Cooper College,,,,,,,,,,,,,,27.974,-26.034
n782309618,"782309618",node,,,,school,Rand Girls School,,,,,,,Rand Meisieskool,,,,,,,,,,,,,,,,,,,,,,,,,,28.036,-26.188
n782309625,"782309625",node,,,,school,Centre for Policy Studies,,,,,,Juta Street,,"28",,,,,,,,,,,,,,,,,,,,,,,,,28.031,-26.195
n775202606,"775202606",node,,,,school,Roseneath Primary School,,Q97331216,,,,,,,,,,,,,,,,,,,,,,,,,,,,,,,28.044,-26.186
n904037164,"904037164",node,,,,school,M Park creche,,,,,,,,,,,,,,,,,,,,,,,,,,,,,,,,,28.226,-25.800
n904386054,"904386054",node,,,,school,Hoërskool Jeugland,,Q97333918,,,,,,,,,,,,,,,,,,,,,,,,,,,,,,,28.213,-26.076
n790505069,"790505069",node,,,,school,SAP Africa,,,,,,,,,,,,,,,,,,,,,,,,,,,,,,,,,28.090,-26.051
n895296869,"895296869",node,,,,school,Atholhurst school,,,,,,,,,,,,,,,,,,,,,,,,,,,,,,,,,28.071,-26.118
n668684711,"668684711",node,,,,school,West Ridge High School,,Q97333707,,,,,,,,,,,,,,,,,,,,,,,,,,,,,,,27.872,-26.144
n676282154,"676282154",node,traffic_signals,traffic_signals,,,,,,,,,,,,,,,,,,,,,,,,,,,,,,,,,,,,28.040,-26.143
n757435032,"757435032",node,,,,school,Orlando West High School,,,,,,,,,,,,,,,,,,,,,,,,,,,,,,,,,27.907,-26.238
n768234161,"768234161",node,,,,school,Department for Education,,,,,,,,,,,,,,,,,,,,,,,,,,,,,,,,,28.043,-26.205
n688362417,"688362417",node,,,,school,Mooifontein primary,,,,,,,,,,,,,,,,,,,,,,,,,,,,,,,,,28.208,-26.064
n965760796,"965760796",node,,,,school,,,,,,,,,,,,,,,,,,,,,,,,,,,,,,,,,,27.821,-26.246
n965760924,"965760924",node,,,,school,,,,,,,,,,,,,,,,,,,,,,,,,,,,,,,,,,27.825,-26.241
n965149211,"965149211",node,,,,school,,,,,,,,,,,,,,,,,,,,,,,,,,,,,,,,,,28.356,-26.498
n965760530,"965760530",node,,,,school,,,,,,,,,,,,,,,,,,,,,,,,,,,,,,,,,,27.823,-26.242
n965761124,"965761124",node,,,,school,,,,,,,,,,,,,,,,,,,,,,,,,,,,,,,,,,27.836,-26.218
