x,y,full_id,osm_id,osm_type,amenity,name,addr:city,is_in,addr:street,wikidata,religion,historic,shop,operator,wikipedia,addr:housenumber,alt_name,addr:country,email,fax,phone,website,population,addr:housename,ele,opening_hours,addr:postcode,description,name:ta,crossing,highway,name:en,branch,access,barrier,level,entrance
79.8669135,6.9650292,n3954289056,3954289056,node,school,St Anthony's Girls School,,,,,,,,,,,,,,,,,,,,,,,,,,,,,,,
80.0024965,6.9347123,n4053938940,4053938940,node,school,Bomiriya Central College,Kaduwela,,,,,,,,,,,,,,,,,,,,,,,,,,,,,,
80.0579079,6.8917585,n4099087960,4099087960,node,school,Artigala Kanishta Vidyalaya,,,,,,,,,,,,,,,,,,,,,,,,,,,,,,,
80.0343875,6.8809302,n4082836501,4082836501,node,school,Lenagala Kanista Vidyalaya,,,,,,,,,,,,,,,,,,,,,,,,,,,,,,,
79.9373899,6.8132605,n4078031235,4078031235,node,school,Makuluduwa Primary School,Makuluduwa,,Piliyandala - Maharagama road,,,,,,,,,,,,,,,,,,,,,,,,,,,,
79.9933592,6.9344144,n4054041376,4054041376,node,school,Kumarathunga Munidasa Vidyalaya,Kaduwela,,,,,,,,,,,,,,,,,,,,,,,,,,,,,,
79.8676624,6.9252203,n4309700697,4309700697,node,school,Yaathra,,,,,,,,,,,,,,,,,,,,,,,,,,,,,,,
79.8585612,6.8832479,n4292056491,4292056491,node,school,Studio Lekha,,,,,,,,,,,,,,,,,,,,,,,,,,,,,,,
79.8570252,6.8952851,n4242694898,4242694898,node,school,Academy of Design,,,,,,,,,,,,,,,,,,,,,,,,,,,,,,,
79.8876289,6.9115265,n4191939363,4191939363,node,school,B J F Dhaham Pasela,Colombo 9,,Cotta Road,,,,,,,,,,,,,,,,,,,,,,,,,,,,
79.8995048,6.7299698,n4365169795,4365169795,node,school,,,,Egoda Uyana Road,,,,,,,,,,,,,,,,,,,,,,,Egodauyana Junior School,,,,,
79.8509243,6.9072024,n4347735690,4347735690,node,school,Mercury Institute,,,,,,,,,,,,,,,,,,,,,,,,,,,,,,,
79.8730281,6.9364204,n4310399690,4310399690,node,school,Alexor international college,,,,,,,,,,,,,,,,,,,,,,,,,,,,,,,
79.8727197,6.9354341,n4310386891,4310386891,node,school,Heamamali balika vidyalaya,,,,,,,,,,,,,,,,,,,,,,,,,,,,,,,
79.8595855,6.8996204,n4449406698,4449406698,node,school,,,,Kumaratunga Munidasa Mawatha,,,,,,,,,,,,,,,,,,,,,,,Oxford College of Business,,,,,
79.875341,6.8887532,n4447444489,4447444489,node,school,Gateway Achievers,,,,,,,,,,,,,,,,,,,,,,,,,,,,,,,
79.864308,6.869561,n3780542046,3780542046,node,school,Sri Vaishakya College,,,,,,,,,,,,,,,,,,,,,,,,,,,,,,,
79.8943,6.920233,n3780542045,3780542045,node,school,Sri Sobhitha Vidyalaya,,,,,,,,,,,,,,,,,,,,,,,,,,,,,,,
79.897792,6.867673,n3780542044,3780542044,node,school,Sri Rewatha Royal College,,,,,,,,,,,,,,,,,,,,,,,,,,,,,,,
79.894365,6.910454,n3780542043,3780542043,node,school,"Roman Catholic Tamil Mixed Vidyalayam, Rajagiriya",Rajagiriya,,Kotta Road,,,,,"Ministry of Education, Government of Sri Lanka",,,,,,,,,,,,,10107,"Ministry of Education, Government of Sri Lanka",இராஜகிரிய ரோமன் கத்தோலிக்க தமிழ்க் கலவன் வித்தியாலயம்,,,,,,,,
79.864967,6.947501,n3780542051,3780542051,node,school,St. Benedict Primery School,,,,,,,,,,,,,,,,,,,,,,,,,,,,,,,
79.864967,6.948836,n3780542050,3780542050,node,school,St. Benadict College,,,,,,,,,,,,,,,,,,,,,,,,,,,,,,,
79.8575461,6.9444751,n3780542049,3780542049,node,school,St. Anthonys College,,,,,,,,,,,,,,,,,,,,,,,,,,,,,,,
79.885508,6.871621,n3780542047,3780542047,node,school,St Joseph Girls' School,,,,,,,,,,,,,,,,,,,,,,,,,,,,,,,
79.8953636,6.8669322,n3780542055,3780542055,node,school,St. Joseph's Boys' School,,,,,,,,,,,,,,,,,,,,,,,,,,,,,,,
79.8737642,6.9306626,n3780542054,3780542054,node,school,St. John's School;St.John's College,,,N.M. Ishak Road,Q15733473,,,,,,,,,,,,,,,,Mo-Fr 07:00-13:30,,,,,,,,,,,
79.889392,6.869019,n3780542053,3780542053,node,school,St. John's Primary School,,,,,,,,,,,,,,,,,,,,,,,,,,,,,,,
79.862092,6.876851,n3780542052,3780542052,node,school,St. Cleare's Girles' School,,,,,,,,,,,,,,,,,,,,,,,,,,,,,,,
79.857414,6.895117,n3780547659,3780547659,node,school,St. Mary Sinhala Vidyalaya,,,,,,,,,,,,,,,,,,,,,,,,,,,,,,,
79.865252,6.948413,n3780547658,3780547658,node,school,St. Lucia Maha Vidyalaya,,,,,,,,,,,,,,,,,,,,,,,,,,,,,,,
79.875326,6.948552,n3780547657,3780547657,node,school,St. Josephs Vidyalaya,,,,,,,,,,,,,,,,,,,,,,,,,,,,,,,
79.861121,6.925775,n3780542056,3780542056,node,school,St. Joseph's College,,,,Q13567364,,,,,,,,,,,,,,,,,,,,,,,,,,,
79.85279,6.913678,n3780547663,3780547663,node,school,St. Michael's Vidyalaya,,,,,,,,,,,,,,,,,,,,,,,,,,,,,,,
79.853053,6.914536,n3780547662,3780547662,node,school,St. Mary's Girls' School,,,,,,,,,,,,,,,,,,,,,,,,,,,,,,,
79.853343,6.913866,n3780547661,3780547661,node,school,St. Mary's Girls' School,,,,,,,,,,,,,,,,,,,,,,,,,,,,,,,
79.858654,6.944266,n3780547660,3780547660,node,school,St. Mery's College,,,,,,,,,,,,,,,,,,,,,,,,,,,,,,,
79.898447,6.8638,n3780547670,3780547670,node,school,Sujatha Vidyalaya,,,,,,,,,,,,,,,,,,,,,,,,,,,,,,,
79.858423,6.886346,n3780547666,3780547666,node,school,St.Paul's Girls' School,,,,,,,,,,,,,,,,,,,,,,,,,,,,,,,
79.877756,6.930152,n3780547665,3780547665,node,school,St.Mathew's College,,,,,,,,,,,,,,,,,,,,,,,,,,,,,,,
79.889912,6.869931,n3780547664,3780547664,node,school,St.John's College,,,,,,,,,,,,,,,,,,,,,,,,,,,,,,,
79.859346,6.89192,n3780547677,3780547677,node,school,Visaka Balika Maha Vidyalaya,,,,,,,,,,,,,,,,,,,,,,,,,,,,,,,
79.872242,6.946524,n3780547676,3780547676,node,school,Vijayaba Maha Vidyalaya,,,,,,,,,,,,,,,,,,,,,,,,,,,,,,,
79.880894,6.9285,n3780547672,3780547672,node,school,Tamil School,,,,,,,,,,,,,,,,,,,,,,,,,,,,,,,
79.876506,6.913362,n3780547671,3780547671,node,school,Susamayawardana Maha Vidyalaya,,,,,,,,,,,,,,,,,,,,,,,,,,,,,,,
79.868272,6.880526,n3780547681,3780547681,node,school,Wellawatta Vidyalaya,,,,,,,,,,,,,,,,,,,,,,,,,,,,,,,
79.851964,6.919536,n3780547680,3780547680,node,school,Wekanda Pre School,,,,,,,,,,,,,,,,,,,,,,,,,,,,,,,
79.885261,6.948434,n3780547679,3780547679,node,school,Waragoda Kanishta Vidyalaya,,,,,,,,,,,,,,,,,,,,,,,,,,,,,,,
79.860424,6.943461,n3780547678,3780547678,node,school,Vivekananda College,,,,,,,,,,,,,,,,,,,,,,,,,,,,,,,
79.851438,6.915121,n3780542006,3780542006,node,school,Jinaraja Vidyalaya,,,,,,,,,,,,,,,,,,,,,,,,,,,,,,,
79.87281,6.944336,n3780542005,3780542005,node,school,Jayanthi Vidyalaya,,,,,,,,,,,,,,,,,,,,,,,,,,,,,,,
79.8610126,6.884066,n3780542002,3780542002,node,school,Hindu College,,,,,,,,,,,,,,,,,,,,,,,,,,,,,,,
79.863128,6.872571,n3780542001,3780542001,node,school,Hindu Ladies College,Wellawatte - Colombo 06,,St. Lawrence Road,,hindu,,,,,,,,,,,,,,,,,,,,,,,,,,
79.863015,6.94308,n3780542010,3780542010,node,school,Kotahena Maha Vidyalaya,,,,,,,,,,,,,,,,,,,,,,,,,,,,,,,
79.86279,6.942667,n3780542009,3780542009,node,school,Kotahena Govt. Tamil School,,,,,,,,,,,,,,,,,,,,,,,,,,,,,,,
79.862253,6.943531,n3780542008,3780542008,node,school,Kotahena Central College,,,,,,,,,,,,,,,,,,,,,,,,,,,,,,,
79.864334,6.93918,n3780542007,3780542007,node,school,Kanapathy Vidyalaya,,,,,,,,,,,,,,,,,,,,,,,,,,,,,,,
79.853278,6.895493,n3780542015,3780542015,node,school,Lindsay Balika Vidyalaya,,,,,,,,,,,,,,,,,,,,,,,,,,,,,,,
79.865279,6.921612,n3780542014,3780542014,node,school,Lawrence College,,,,,,,,,,,,,,,,,,,,,,,,,,,,,,,
79.857602,6.9076,n3780542012,3780542012,node,school,Ladies College,,,,,,,,,,,,,,,,,,,,,,,,,,,,,,,
79.861325,6.949169,n3780542011,3780542011,node,school,Kotahena Methodist Tamil School,,,,,,,,,,,,,,,,,,,,,,,,,,,,,,,
79.877949,6.941358,n3780542020,3780542020,node,school,Rajasingha Maha Vidyalaya,,,Bodhiraja Mawatha,,,,,,,,,,,,,,,,,Mo-Fr 06:00-22:00,,,,,,,,,,,
79.872778,6.926515,n3780542019,3780542019,node,school,Maligakanda Maha Vidyalaya,,,,,,,,,,,,,,,,,,,,,,,,,,,,,,,
79.863919,6.9188696,n3780542017,3780542017,node,school,Mahabodhi Vidyalaya,,,,,,,,,,,,,,,,,,,,,,,,,,,,,,,
79.866711,6.884184,n3780542016,3780542016,node,school,Lumbini Maha Vidyalaya,,,,,,,,,,,,,,,,,,,,,,,,,,,,,,,
79.862269,6.943901,n3780542026,3780542026,node,school,Muslim Vidyalaya,,,,,,,,,,,,,,,,,,,,,,,,,,,,,,,
79.869034,6.914542,n3780542024,3780542024,node,school,Museaus College,,,,,,,,,,,,,,,,,,,,,,,,,,,,,,,
79.8489682,6.9121155,n3780542023,3780542023,node,school,Methodist College,,,,,,,,,,,,,,,,,,,,,,,,,,,,,,,
79.859523,6.932346,n3780542021,3780542021,node,school,Maradana Technical College,,,,,,,,,,,,,,,,,,,,,,,,,,,,,,,
79.847319,6.916285,n3780542030,3780542030,node,school,Preoparatory School,,,,,,,,,,,,,,,,,,,,,,,,,,,,,,,
79.879237,6.896957,n3780542029,3780542029,node,school,Parakramabahu Maha Vidyalaya,,,,,,,,,,,,,,,,,,,,,,,,,,,,,,,
79.868798,6.928736,n3780542028,3780542028,node,school,Padhanaghara Maha Vidyalaya,,,,,,,,,,,,,,,,,,,,,,,,,,,,,,,
79.874897,6.923876,n3780542027,3780542027,node,school,Nalanda College,,,,,,,,,,,,,,,,,,,,,,,,,,,,,,,
79.864104,6.863075,n3780542038,3780542038,node,school,,,,,,,,,,,,,,,,,,,,,,,,,,,,,,,,
79.865692,6.905272,n3780542037,3780542037,node,school,School of Sports,,,,,,,,,,,,,,,,,,,,,,,,,,,,,,,
79.889746,6.870575,n3780542036,3780542036,node,school,Samudraadevi Vidyalaya,,,,,,,,,,,,,,,,,,,,,,,,,,,,,,,
79.862205,6.951787,n3780542032,3780542032,node,school,"Prince College, Kotahena",,,,,,,,,,,,,,,,,,,,,,,,,,,,,,,
79.881442,6.923323,n3780542042,3780542042,node,school,Seevalee Vidyalaya,,,,,,,,,,,,,,,,,,,,,,,,,,,,,,,
79.890218,6.914842,n3780542041,3780542041,node,school,School,,,,,,,,,,,,,,,,,,,,,,,,,,,,,,,
79.876538,6.878675,n3780542040,3780542040,node,school,,,,,,,,,,,,,,,,,,,,,,,,,,,,,,,,
79.869801,6.875982,n3780542039,3780542039,node,school,,,,,,,,,,,,,,,,,,,,,,,,,,,,,,,,
79.888405,6.89317,n3780541968,3780541968,node,school,Ananda Maha Vidyalaya,,,,,,,,,,,,,,,,,,,,,,,,,,,,,,,
79.869785,6.926799,n3780541966,3780541966,node,school,Ananda Balika Vidyalaya,,,,,,,,,,,,,,,,,,,,,,,,,,,,,,,
79.8634884,6.9333123,n3780541965,3780541965,node,school,Al- Hidaya Maha Vidyalaya,,,,,,,,,,,,,,,,,,,,,,,,,,,,,,,
79.848027,6.922792,n3780541964,3780541964,node,school,Al- Ameen Vidyalaya,,,,,,,,,,,,,,,,,,,,,,,,,,,,,,,
79.870943,6.915808,n3780541973,3780541973,node,school,Asian International School,,,,,,,,,,,,,,,,,,,,,,,,,,,,,,,
79.86839,6.874496,n3780541972,3780541972,node,school,Arethusa College,,,,,,,,,,,,,,,,,,,,,,,,,,,,,,,
79.8847817,6.8718614,n3780541970,3780541970,node,school,Anula Vidyalaya,Nugegoda,,,,,,,,,,,,,,,,,,,,,,,,,,,,,,
79.887348,6.872463,n3780541969,3780541969,node,school,Anula Primary School,,,,,,,,,,,,,,,,,,,,,,,,,,,,,,,
79.855564,6.914708,n3780541978,3780541978,node,school,Bishop's College,,,,,,,,,,,,,,,,,,,,,,,,,,,,,,,
79.8868193,6.9117983,n3780541977,3780541977,node,school,Bandaranaike Junior School,,,,,,,,,,,,,,,,,,,,,,,,,,,,,,,
79.863771,6.954265,n3780541976,3780541976,node,school,Balika Vidyalaya,,,,,,,,,,,,,,,,,,,,,,,,,,,,,,,
79.876571,6.886142,n3780541975,3780541975,node,school,Badhrawathy Maha Vidyalaya,,,,,,,,,,,,,,,,,,,,,,,,,,,,,,,
79.859608,6.954206,n3780541983,3780541983,node,school,Cathedral Balika Primary Schoo,,,,,,,,,,,,,,,,,,,,,,,,,,,,,,,
79.871035,6.918125,n3780541982,3780541982,node,school,Carey College,,,,,,,,,,,,,,,,,,,,,,,,,,,,,,,
79.876726,6.918495,n3780541981,3780541981,node,school,C.W.W. Kannangara Vidyalaya,,,,,,,,,,,,,,,,,,,,,,,,,,,,,,,
79.862575,6.9165,n3780541980,3780541980,node,school,Buddhist Ladies College,,,,,,,,,,,,,,,,,,,,,,,,,,,,,,,
79.865558,6.946085,n3780541987,3780541987,node,school,Claremont Hotel School,,,,,,,,,,,,,,,,,,,,,,,,,,,,,,,
79.872966,6.93122,n3780541986,3780541986,node,school,Church & School,,,,,,,,,,,,,,,,,,,,,,,,,,,,,,,
79.885304,6.919332,n3780541985,3780541985,node,school,Catholic Tamil School,,,,,,,,,,,,,,,,,,,,,,,,,,,,,,,
79.893715,6.91091,n3780541984,3780541984,node,school,Catholic Church & School,,,,,,,,,,,,,,,,,,,,,,,,,,,,,,,
79.888474,6.911709,n3780541991,3780541991,node,school,College of Indigenous Medicine,,,,,,,,,,,,,,,,,,,,,,,,,,,,,,,
79.892836,6.922336,n3780541990,3780541990,node,school,College of Ayurvedic Medicine,,,,,,,,,,,,,,,,,,,,,,,,,,,,,,,
79.859206,6.90031,n3780541989,3780541989,node,school,College House,,,,,,,,,,,,,,,,,,,,,,,,,,,,,,,
79.86847,6.92718,n3780541988,3780541988,node,school,Clifton Balikaa Vidyalaya,,,,,,,,,,,,,,,,,,,,,,,,,,,,,,,
79.869291,6.886486,n3780541996,3780541996,node,school,Elizabeth Moir Junior School,,,,,,,,,,,,,,,,,,,,,,,,,,,,,,,
79.872156,6.890965,n3780541995,3780541995,node,school,Dudley Senanayake Vidyalaya,,,,,,,,,,,,,,,,,,,,,,,,,,,,,,,
79.872274,6.937614,n3780541993,3780541993,node,school,Darus Salam Maha Vidyalaya,,,,,,,,,,,,,,,,,,,,,,,,,,,,,,,
79.875761,6.909075,n3780541992,3780541992,node,school,D.S.Senanayaka Vidyalaya,,,,,,,,,,,,,,,,,,,,,,,,,,,,,,,
79.893673,6.912267,n3780542000,3780542000,node,school,Hewawitharana Maha Vidyalaya,,,,,,,,,,,,,,,,,,,,,,,,,,,,,,,
79.872113,6.923431,n3780541999,3780541999,node,school,Gotami Balika Maha Vidyalaya,,,,,,,,,,,,,,,,,,,,,,,,,,,,,,,
79.86383,6.939701,n3780541998,3780541998,node,school,Fathima Muslim Girl's School,,,,,,,,,,,,,,,,,,,,,,,,,,,,,,,
79.9078684,6.9012258,n3780541997,3780541997,node,school,Etul Kotte Primary School,,,,,,,,,,,,,,,,,,,,,,,,,,,,,,,
79.8674949,6.8801735,n7113571586,7113571586,node,school,,,,,,,,,,,,,,,,,,,,,,,,,,,Wesley College Primary,,,,,
79.9303444,6.8923257,n7001083464,7001083464,node,,,,,,,,,,,,,,,,,,,,,,,,,,,,,,customers,gate,,
79.951592,6.8758317,n6897167576,6897167576,node,school,Newgen Montessori,,,,,,,,,,,,,,,,,,,,,,,,,,,,,,,
79.8967666,6.8815887,n6873033873,6873033873,node,school,Pagoda Montessori School,,,Pagoda Road,,,,,,,64/1,,,,,+94 11 4403544,,,,,,,,,,,,,,,,
79.9007165,6.8818849,n7133230074,7133230074,node,school,Sevana Special School,,,,,,,,Crippled Children's Aid Association of Sri Lanka,,,,,,,,,,,,,,,,,,,,,,,
79.8691585,6.8386201,n7133210345,7133210345,node,school,Najaa International School,,,,,,,,,,,,,,,,,,,,,,,,,,,,,,,
79.9009206,6.882067,n7133201560,7133201560,node,school,Alpha Kids Ami Montessori,,,,,,,,,,,,,,,+94 11 2856003,,,,,,,,,,,,,,,,
80.0392109,6.8246676,n7805968692,7805968692,node,,,,,,,,,,,,,,,,,,,,,,,,,,,,,,,gate,,main
79.8661819,6.8905561,n7773244492,7773244492,node,school,Shyamala School of Art,,,Siripa Road,,,,,,,3,,,,,,,,,,,,,,,,,,,,,
79.8662115,6.8908281,n7773240202,7773240202,node,school,Kumon Math & English,,,,,,,,,,,,,,,+94 11 2502924,,,,,,,,,,,,,,,1,
79.8588902,6.905862,n7832481964,7832481964,node,,,,,,,,,,,,,,,,,,,,,,,,,,zebra,crossing,,,,,,
79.8606953,6.8953745,n7831020068,7831020068,node,school,Kayo School of Japanese,,,Havelock Road,,,,,,,68,,,info@kayoschool.org,,+94 11 2506801,http://www.kayoschool.org/,,,,,,,,,,,,,,1,
80.0380314,6.8239961,n7805968694,7805968694,node,,,,,,,,,,,,,,,,,,,,,,,,,,,,,,,gate,,yes
80.2041063,6.9568437,n8163293948,8163293948,node,,,,,,,,,,,,,,,,,,,,,,,,,,,,,,,entrance,,
79.8861461,6.8603888,n5461718923,5461718923,node,school,,,,,,,,,,,,,,,,,,,,,,,,,,,East Asian International school,,,,,
79.8710484,6.8915657,n5461670222,5461670222,node,school,,,,,,,,,,,,,,,,,,,,,,,,,,,ABC School of Early Learning,,,,,
79.8751783,6.9591667,n5250108243,5250108243,node,school,Sri Sangabodhi Maha Vidyalaya,,,,,,,,,,,,,,,,,,,,,,,,,,,,,,,
79.9286541,6.8925719,n6331381684,6331381684,node,,,,,,,,,,,,,,,,,,,,,,,,,,,,,,customers,gate,,
79.8762769,6.8307932,n5980436038,5980436038,node,school,"Science College, Mt. Lavinia",,,,,,,,,,,,,,,,,,,,,,,,,,,,,,,
79.8682149,6.8431388,n5606158822,5606158822,node,school,,,,Sylvester Lane,,,,,,,,,,,,,,,,,,,,,,,Hejaaz International Boys School,,,,,
79.907954,6.9281906,n5488611321,5488611321,node,school,,,,,,,,,,,,,,,,,,,,,,,,,,,Gothatuwa Maha Vidyalaya,,,,,
79.8516402,6.9009834,n6350563329,6350563329,node,school,Turnkey IT Training,,,Lower Bagatalle Road,,,,,,,562/16,,,info@turnkey.lk,,+94 011 258 1581; +94 077 228 6988,http://turnkey.lk/,,,,,,,,,,,,,,,
79.8719061,6.8792843,n6346966876,6346966876,node,school,Royal Institute,,,,,,,,,,,,,,,,,,,,,,,,,,,,,,,
79.8750782,6.913939,n6342492488,6342492488,node,school,Spinnaker International,,,,,,,,,,,,,,,,,,,,,,,,,,,,,,,
79.8952427,6.9070129,n6332796992,6332796992,node,school,Kumon,,,,,,,,,,,,,,,+94 11 2877556,,,,,,,,,,,,Rajagiriya,,,,
79.8628711,6.9497289,n6538624419,6538624419,node,school,Cathedral (Boys) School,,,,,,,,,,,,,,,,,,,,,,,,,,,,,,,
79.8618637,6.9514757,n6491614435,6491614435,node,school,Sri Gunananda Vidyalaya,,,,,,,,,,,,,,,,,,,,,,,,,,,,,,,
79.8659867,6.8839033,n6482029185,6482029185,node,school,,,,Skelton Gardens,,,,,,,,,,,,,,,,,,,,,,,CRI Confucius Chinese language Center,,,,,
79.9034954,6.8840048,n6354466448,6354466448,node,school,Colombo School of Construction Technology,,,,,,,,,,,,,,,,,,,,,,,,,,,,,,,
79.900367,6.8932307,n6626986857,6626986857,node,school,Christian Missionary College,Sri Jayawardhana,,Mission Road,,christian,,,,,,,,,,,,,,,,,,,,,,,,,,
79.9100076,6.8975321,n6626986800,6626986800,node,school,Nippon Computer Academy,Sri Jayawardenepura Kotte,,Mahindarama Road,,,,,,,40,,,,,,,,,,,,,,,,,,,,,
79.9094356,6.8971981,n6626986799,6626986799,node,school,Mahindarama Dhamma School,Sri Jayawardenepura Kotte,,,,,,,,,,,,,,,,,,,,,,,,,,,,,,
79.9074719,6.802355,n6615789530,6615789530,node,school,Sri Dharmakeerthi Dhamma School,,,,,,,,Asanka,,,,,,,,,,,,,,,,,,,,,,,
79.8959606,6.8844213,n6631008124,6631008124,node,school,"Samarakone Walauwa, Samarakone Gardens",Sri Jayawadhanapura Kotte,,Ananda Balika Mawatha,,,,,,,21,,,,,,,,,,,,,,,,,,,,,
79.895215,6.8852879,n6631008123,6631008123,node,school,Vajira Sri Children Rehabitation Home,Sri Jayawadhanapura Kotte,,Ananda Balika Mawatha,,,,,,,"16, 16 Ln",,,,,,,,,,,,,,,,,,,,,
79.900104,6.8840543,n6631008094,6631008094,node,school,Royal Way Minco College & Academy,Sri Jayawadhanapura Kotte,,Pagoda Road,,,,,,,139,,,,,,,,,,,,,,,,,,,,,
79.9001844,6.8929616,n6626986858,6626986858,node,school,Sri Jayawardhanapura Maha Vidyalaya,Sri Jayawardhana,,,,,,,,,,,,,,,,,,,,,,,,,,,,,,
80.0591294,6.8334818,n6834037015,6834037015,node,school,,,,,,,,,,,,,,,,,,,,,,,,,,,,,,,,
80.025736,6.8123795,n6708412338,6708412338,node,school,Dolahena Primary School,,,,,,,,,,,,,,,,,,,,,,,,,,,,,,,
79.8907619,6.8766726,n6631008172,6631008172,node,school,Gateway Kids School,Jayawardhanapura Kotte,,Perakum Mawath,,,,,,,,,,,,,,,,,,,,,,,,,,,,
79.8917673,6.8769984,n6631008164,6631008164,node,school,London English College,Jayawardhanapura Kotte,,,,,,,,,,,,,,,,,,,,,,,,,,,,,,
79.9166753,6.8032837,n4557132091,4557132091,node,school,,,,,,,,,,,,,,,,,,,,,,,,,,,කැම්පස්  සන්ගීත ආයතනය,,,,,
80.0059226,6.846844,n4553215190,4553215190,node,school,,,,,,,,,,,,,,,,,,,,,Mo-Fr 07:30-13:30,,,,,,Central College Homagama,,,,,
79.997046,6.8894303,n4550744390,4550744390,node,school,,,,Galwarusawa Road,,,,,,,,,,,,,,,,,Su-Fr 07:30-13:30,,,,,,Oruwala primary school,,,,,
79.9457769,6.7933167,n4641494127,4641494127,node,school,Guidance International Junior School,,,,,,,,,,,,,,,,,,,,,,,,,,,,,,,
79.8660787,6.9096502,n4590075189,4590075189,node,school,,,,Gregory's Road,,,,,,,,,,,,,,,,,,,,,,,st Bridget's primary,,,,,
79.8933965,6.8199855,n4585262792,4585262792,node,school,,,,"100, kandawala road, ratmalana",,,,,,,,,,,,112630706,http://www.univotec.ac.lk,,,,,,,,,,UNIVOTEC,,,,,
79.9543354,6.8446604,n4568425809,4568425809,node,school,Dharmapala Vidyalaya,Pannipitiya,,High Level Road,,,,,,,,,,,,,,,,,,,,,,,,,,,,
79.8805508,6.8296856,n4711114093,4711114093,node,school,,,,Pirivena Road,,,,,,,,,,,,112716008,http://www.lpfschools.com,,,,Mo-Fr 07:30-14:30,,,,,,La Petite Fleur Montessori (LPF),,,,,
79.8530941,6.8948981,n4702882190,4702882190,node,school,,,,Glen Aber Place,,,,,,,,,,,,,,,,,Mo-Fr 07:30-13:30,,,,,,Burhani Serandib International School,,,,,
79.8762101,6.8937155,n4690842989,4690842989,node,school,,,,Thalagahawatta Road,,,,,,,,,,,,,,,,,Mo-Sa 07:00-18:00,,,,,,Sam's Place Montessori,,,,,
79.872454,6.8928468,n4690796992,4690796992,node,school,,,,Kirula Road,,,,,,,,,,,,,,,,,Mo-Su 09:00-18:00,,,,,,V J Academy,,,,,
79.8489598,6.9105168,n4948842322,4948842322,node,school,,,,,,,,,,,,,,,,,,,,,,,,,,,Methidist College Primary Section,,,,,
79.9288284,6.9127523,n4945203417,4945203417,node,school,M D H Jayawardena Vidyalaya,,,,,,,,,,,,,,,,,,,,,,,,,,,,,,,
79.9275883,6.9258434,n4943264087,4943264087,node,school,Ensef Pvt School,,,,,,,,,,,,,,,,,,,,,,,,,,,,,,,
79.8529974,6.9210873,n4798825349,4798825349,node,school,Al Ikbal Girls College,,,,,,,,,,,,,,,,,,,,,,,,,,,,,,,
79.9939263,6.9348108,n5140700400,5140700400,node,school,Munidasa Kumaratunga Vidyalaya - Bomiriya,,,,,,,,,,,,,,,,,,,,,,,,,,,,,,,
79.8932688,6.8723337,n5045605945,5045605945,node,,,,,,,,yes,,,,,,,,,,,,,,,,,,,,,,,,,
80.1491126,6.9410111,n5019111663,5019111663,node,school,Kosgama Maha Vidyalaya,,,,,,,,,,,,,,,,,,,,,,,,,,,,,,,
79.9151888,6.9360606,n4962948825,4962948825,node,school,Somadevi Girls School,,,,,,,,,,,,,,,,,,,,,,,,,,,,,,,
79.9489167,6.8493904,n5172629872,5172629872,node,school,Pathway Montessori International,Pannipitiya,,Mahawaththa Road,,,,,,,56/40,,,,,,,,,,,,,,,,,,,,,
79.9069463,6.9473271,n5156572433,5156572433,node,school,S Mahinda Himi Vidyalaya,,,,,,,,,,,,,,,,,,,,,,,,,,,,,,,
79.8526475,6.8956241,n5178104822,5178104822,node,school,,,,,,,,,,,,,,,,,,,,,,,,,,,Liendesay girls school,,,,,
79.8534153,6.893197,n5178089226,5178089226,node,school,,,,Station Road,,,,,,,,,,,,,,,,,,,,,,,IIHE UNIVERSITY,,,,,
79.9704859,6.7861875,n5176730864,5176730864,node,school,,Wethara,,Colombo - Horana Road,,,,,,,,,,,,,,,,,,,,,,,,,,,,
79.8642774,6.9629355,n5206283380,5206283380,node,school,Hamsa College,,,,,,,,,,,,,,,,,,,,,,,,,,,,,,,
79.8651112,6.8615032,n5185289621,5185289621,node,school,,,,Council Lane,,,,,,,,,,,,773094324,,,,,,,,,,,WP/PILI/METHODIST VIDYALAYA,,,,,
79.8634546,6.9497998,n5179242321,5179242321,node,school,Good Shepherd Convent,,,,Q28404035,,,,,"en:Good Shepherd Convent, Colombo",,,,,,,,,,,,,,,,,Good Shepherd Convent,,,,,
79.8669875,6.9231206,n681802844,681802844,node,school,Stafford College,,,,,,,,,,,,,,,,,,,,,,,,,,,,,,,
79.8673376,6.9227599,n681802832,681802832,node,school,Asoka Vidyalaya Maradana,,,,,,,,,,,,,,,,,,,,,,,,,,,,,,,
79.872584,6.9169021,n681782141,681782141,node,school,Yasodara Balika vidyalaya,Colombo 07,,Kynsey Road,,,,,,,,,,,,,,,,,,,,,,,,,,,,
79.871217,6.9183324,n681782132,681782132,node,school,Carey College,Colombo 07,,Kynsey Road,,,,,,,,,,,,,,,,,,,,,,,,,,,,
79.869655,6.9269456,n681871529,681871529,node,school,Ananda Balika Viidyalaya Maradana,,,,,,,,,,,,,,,,,,,,,,,,,,,,,,,
79.8749014,6.9289905,n681871474,681871474,node,school,Alhijra School,Colombo,,Sri Dhamma Road,,,,,,,,,,,,,,,,,,,,,,,,,,,,
79.8729488,6.9266367,n681816262,681816262,node,school,Maligakanda Maha Vidyalaya,,,,,,,,,,,,,,,,,,,,,,,,,,,,,,,
79.8819761,6.8894197,n681802907,681802907,node,school,Nurses Training Institute,,,,,,,,,,,,,,,,,,,,,,,,,,,,,,,
79.8598042,6.9408877,n682601036,682601036,node,school,Hameed Al Hussaini College,,,,,,,,,,,,,,,,,,,,,,,,,,,,,,,
79.8784098,6.9295763,n682080543,682080543,node,school,Anuruddha Balika Vidyalaya,,,,,,,,,,,,,,,,,,,,,,,,,,,,,,,
79.8694405,6.9273503,n681977660,681977660,node,school,Vidyadaya Pirivena,,,,,,,,,,,,,,,,,,,,,,,,,,,,,,,
79.868389,6.9272438,n681977644,681977644,node,school,Clifton Balika vidyalaya,,,,,,,,,,,,,,,,,,,,,,,,,,,,,,,
79.8580769,6.9442744,n682652654,682652654,node,school,St. Anne's Convent,,,,,,,,,,,,,,,,,,,,,,,,,,,,,,,
79.8622289,6.9434331,n682652558,682652558,node,school,Kotahena Central College,,,,,,,,,,,,,,,,,,,,,,,,,,,,,,,
79.8597076,6.9419846,n682652552,682652552,node,school,Wolfendhal Girls School,,,,,,,,,,,,,,,,,,,,,,,,,,,,,,,
79.8594823,6.9431455,n682652547,682652547,node,school,Vivekananda College,,,,,,,,,,,,,,,,,,,,,,,,,,,,,,,
79.8921374,6.91625,n683786322,683786322,node,school,Vidyakeerthi Vidyalaya,,,,,,,,,,,,,,,,,,,,,,,,,,,,,,,
79.8945621,6.9104879,n683783986,683783986,node,school,,,,,,,,,,,,,,,,,,,,,,,,,,,,,,,,
79.8948303,6.9112867,n683783950,683783950,node,school,Holy Family Convent Rajagiriya,,,,,,,,,,,,,,,,,,,,,,,,,,,,,,,
79.8583558,6.9437845,n682652657,682652657,node,school,St.Marry's College,,,,,,,,,,,,,,,,,,,,,,,,,,,,,,,
79.8839469,6.7852223,n694999104,694999104,node,school,Prince of Wales' College,,,,Q7244365,,,,,,,,,,,,,,,,,,,,,,,,,,,
79.895989,6.9258036,n683789963,683789963,node,school,ColHenry Olcat Vidyalaya,,,,,,,,,,,,,,,,,,,,,,,,,,,,,,,
79.8944226,6.9199245,n683788945,683788945,node,school,Sri Sobhitha Vidyalaya,,,,,,,,,,,,,,,,,,,,,,,,,,,,,,,
79.8903242,6.9143967,n683787576,683787576,node,school,Sri Parakumbha Vidyalaya,,,,,,,,,,,,,,,,,,,,,,,,,,,,,,,
79.8711525,6.901712,n766428147,766428147,node,school,Sri Lanka Institute of Chartered Accountants,,,,,,,,,,,,,,,,,,,,,,,,,,,,,,,
79.8853368,6.9485708,n696497073,696497073,node,school,Waragoda Junior school,,,,,,,,,,,,,,,,,,,,,,,,,,,,,,,
79.8905296,6.9534804,n696486176,696486176,node,school,Gamini Vidyalaya,,,,,,,,,,,,,,,,,,,,,,,,,,,,,,,
79.8969782,6.7896157,n695007928,695007928,node,school,,,,,,,,,,,,,,,,,,,,,,,,,,,,,,,,
79.8778552,6.9748682,n938711212,938711212,node,school,Carmel Convent,,,,,,,,,,,,,,,,,,,,,,,,,,,,,,,
79.9933818,6.874376,n864953531,864953531,node,school,Mahamathya Vidyalaya,Athurugiriya,,,,,,,,,,,,,,,,,,,,,,,,,,,,,,
79.9302225,6.8448237,n847630668,847630668,node,school,Sathara Institute,Maharagama,,High Level Road,,,,,,,,,,,,,,,,,,,,,,,,,,,,
79.8729767,6.884889,n672596265,672596265,node,school,Asian International School,Colombo,,Thalakotuwa Gardens,,,,,,,4/97,,LK,asianinter@eureka.lk,+ 94 11 2512633,+94 11 2513181,http://www.ais.lk/,,,,,,,,,,,,,,,
79.9352557,6.8432797,n672197378,672197378,node,school,Central College Maharagama,Maharagama,,Gammana Road,,,,,,,,,,,,,,,,,,,,,,,,,,,,
79.9352518,6.8450065,n672197375,672197375,node,school,Dharmashoka Primary School,Maharagama,,High Level Road,,,,,,,,,,,,,,,,,,,,,,,,,,,,
79.900427,6.8920362,n670306322,670306322,node,school,Sri Jayawardanepura Girl School,,,,,,,,,,,,,,,,,,,,,,,,,,,,,,,
79.8701386,6.8484516,n673953421,673953421,node,school,Sumaga Vidyalaya,,,,,,,,,,,,,,,,,,,,,,,,,,,,,,,
79.8734409,6.890663,n672787155,672787155,node,school,Dudley Senanayake College,,,,,,,,,,,,,,,,,,,,,,,,,,,,,,,
79.8720539,6.9068559,n672773905,672773905,node,school,Institute of Engineers (IESL),,,,,,,,,,,,,,,,,,,,,,,,,,,,,,,
79.8711849,6.9064618,n672773904,672773904,node,school,Institute of Architect,,,,,,,,,,,,,,,,,,,,,,,,,,,,,,,
79.86423,6.8764762,n674889526,674889526,node,school,Lumbini Balika Vidyalaya,,,,,,,,,,,,,,,,,,,,,,,,,,,,,,,
79.8616,6.8765387,n674889511,674889511,node,school,St. Clares Girl School,,,,,,,,,,,,,,,,,,,,,,,,,,,,,,,
79.8621808,6.8756454,n674889508,674889508,node,school,St. Lawrence Convent,,,,,,,,,,,,,,,,,,,,,,,,,,,,,,,
79.8732392,6.8533836,n673953432,673953432,node,school,Central College,Dehiwala,,,,,,,,,,,,,,,,,,,,,,,,,,,,,,
79.8617257,6.8835093,n675966935,675966935,node,school,Colombo Hindu Boys College,Bambalapitiya,,Lorenz Road,,,,,,,,,,,,,,,,,,,,,,,,,,,,
79.8531114,6.9145399,n675889209,675889209,node,school,St. Margerets convent,,,,,,,,,,,,,,,,,,,,,,,,,,,,,,,
79.8471159,6.9156265,n675889156,675889156,node,school,sasakawa Institute,,,,,,,,,,,,,,,,,,,,,,,,,,,,,,,
79.8953078,6.862447,n674943723,674943723,node,school,Mahamaya Balika Vidyalaya,Pepiliyana,,,,,,,,,,,,,,,,,,,,,,,,,,,,,,
79.8984148,6.8471716,n678834069,678834069,node,school,Ananda Vidyalaya,Boralesgamuwa,,,,,,,,,,,,,,,,,,,,,,,,,,,,,,
79.8682536,6.8803581,n678372742,678372742,node,school,Wellawatta Vidyalaya,,,,,,,,,,,,,,,,,,,,,,,,,,,,,,,
79.8573665,6.8949984,n678342997,678342997,node,school,St.Mary's Vidyalaya,,,,,,,,,,,,,,,,,,,,,,,,,,,,,,,
79.8553092,6.9079768,n678323262,678323262,node,school,St. Anthony's Balika Vidyalaya,,,,,,,,,,,,,,,,,,,,,,,,,,,,,,,
79.9240445,6.902909,n679045166,679045166,node,school,Sri Subuthi Vidyalaya,Battaramulla,,Robert Gunwaradane Road,,,,,,,,,,,,,,2500,,,,,,,,,,,,,,
79.902713,6.882926,n679023681,679023681,node,school,Ananda Sastralaya kotte,,,,Q4751312,,,,,,,,,,,,,,,,,,,,,,,,,,,
79.8888111,6.8930981,n679017352,679017352,node,school,Ananda Vidyalaya Nawala,,,,,,,,,,,,,,,,,,,,,,,,,,,,,,,
79.8933923,6.8958781,n679017350,679017350,node,school,Janadhipathi Balika Vidyalaya,,,,,,,,,,,,,,,,,,,,,,,,,,,,,,,
79.889976,6.8705289,n681217997,681217997,node,school,Samudradevi Vidyalaya,Nugegoda,,,,,,,,,,,,,,,,,,,,,,,,,,,,,,
79.8898717,6.8695826,n681217996,681217996,node,school,St.John's College,Nugegoda,,High Level Road,,,,,,,,,,,,,,,,,,,,,,,,,,,,
79.8974008,6.8681009,n681217992,681217992,node,school,Sri Rewatha College,,,,,,,,,,,,,,,,,,,,,,,,,,,,,,,
79.8893859,6.8686328,n681207911,681207911,node,school,St. John's Primary School,,,,,,,,,,,,,,,,,,,,,,,,,,,,,,,
79.8743972,6.9176583,n681782121,681782121,node,school,Aquinas College,,,,,,,,,,,,,,,,,,,,,,,,,,,,,,,
79.8731312,6.9212156,n681711557,681711557,node,school,Sangamitta balika Vidyalaya,,,,,,,,,,,,,,,,,,,,,,,,,,,,,,,
79.8629591,6.9632624,n681588250,681588250,node,school,St. Joseph's Pre School,,,,,,,,,,,,,,,,,,,,,,,,,,,,,,,
79.8780917,6.9416932,n681537053,681537053,node,school,Maligawatta Mahavidyalaya,,,,,,,,,,,,,,,,,,,,,,,,,,,,,,,
79.8636526,6.8950117,n621993734,621993734,node,school,Sirimavo Bandaranayake Vidyalaya,Colombo 07,,Keppetipola Mawatha,,,,,,,,,,,,,,,,,,,,,,,,,,,,
79.8657984,6.8600104,n621950381,621950381,node,school,St. Mary's College,,,,,,,,,,,,,,,,,,,,,,,,,,,,,,,
79.8633844,6.850498,n621925764,621925764,node,school,Presbyterian Girls School,Dehiwala,,,,,,,,,,,,,,,,,,,,,,,,,,,,,,
79.8715531,6.8654991,n643015381,643015381,node,school,Buddhagosha College,,,,,,,,,,,,,,,,,,,,,,,,,,,,,,,
79.8972652,6.8851191,n642970355,642970355,node,school,Ananda Balika Vidyalaya,,,,Q55603882,,,,,,,,,,,,,,,,,,,,,,,,,,,
79.9160249,6.8676383,n637044384,637044384,node,school,Siddhartha Vidyalaya,Thalapathpitiya,,,,,,,,,,,,,,,,,,,,,,,,,,,,,,
79.9597468,6.8813645,n625833966,625833966,node,school,Vidyaraja Maha Vidyalaya,,,,,,,,,,,,,,,,,,,,,,,,,,,,,,,
79.8758411,6.9081768,n645091716,645091716,node,school,D S Senanayake College,,,,Q5203810,,,,,,,,,,,,,,,,,,,,,,,,,,,
79.8775192,6.9061448,n644610676,644610676,node,school,British School,Colombo 07,,,,,,,,,,,,,,,,,,,,,,,,,,,,,,
79.8869455,6.9118886,n644607603,644607603,node,school,S W R D Bandaranayake School,Colombo 9,,Kotta Road,,,,,,,,,,,,,,,,,,,,,,,,,,,,
79.8744749,6.9183511,n653114084,653114084,node,school,Rathnawali Balika Maha Vidyalaya,Colombo 08,,,,,,,,,,,,,,,,,,,,,,,,,,,,,,
79.8772536,6.9190008,n653114083,653114083,node,school,C.W.W Kannangara Vidyalaya,,,,,,,,,,,,,,,,,,,,,,,,,,,,,,,
79.8649848,6.8346059,n652406107,652406107,node,school,Girls High School,,,,,,,,Mount Lavinia,,,,,,,,,,,,,,,,,,,,,,,
79.887687,6.8035952,n652394763,652394763,node,school,German Technical Institute,,,,,,,,,,,,,,,,,,,,,,,,,,,,,,,
79.8719965,6.9239214,n653129371,653129371,node,school,Gothami Balika Vidyalaya,,,,,,,,,,,,,,,,,,,,,,,,,,,,,,,
79.8736809,6.9234421,n653129370,653129370,node,school,Nalanda College,,,,Q3529297,,,,,"en:Nalanda College, Colombo",,,,,,,,,,,,,,,,,,,,,,
79.8648297,6.9277024,n653129368,653129368,node,school,Zahira College,,,,,,,,,,,,,,,,,,,,,,,,,,,,,,,
79.8752903,6.9205026,n653114087,653114087,node,school,All Saints College,,,,,,,,,,,,,,,,,,,,,,,,,,,,,,,
79.8475967,6.9168028,n666892252,666892252,node,school,St.Thomas Preparatory School,,,,Q7387949,,,,,,,,,,,,,,,,,,,,,,,,,,,
79.8564536,6.8997496,n666872853,666872853,node,school,British Council,,,,,,,,,,,,,,,,,,,,,,,,,,,,,,,
79.8747958,6.9481518,n654176450,654176450,node,school,St. Josephs College,,,,,,,,,,,,,,,,,,,,,,,,,,,,,,,
79.8707846,6.9064357,n653453152,653453152,node,school,N I B M,,,,Q15261128,,,,,,,,,,,,,,,,,,,,,,,,,,,
79.8606902,6.8839628,n667278635,667278635,node,school,Ramanathan Hindu Ladies College,Bambalapitiya,,R. A. DeMel Mawatha,,,,,,,,இராமநாதன் இந்து மகளிர் கல்லூரி,,,,,,,,,,,,,,,,,,,,
79.8615163,6.8747066,n667276042,667276042,node,school,St. Lawrance Girls School,,,,,,,,,,,,,,,,,,,,,,,,,,,,,,,
79.8581249,6.8858698,n667214242,667214242,node,school,St. Pauls college,Bambalapitiya,,Galle Road,,,,,,,,,,,,,,,,,,,,,,,,,,,,
79.8802961,6.8664231,n666903861,666903861,node,school,Colombo South International College,,,"S De S Jayasinghe Mawatha, Kalubowila, Dehiwela",Q5148042,,,,,,43,,,,,,,,,,,,,,,,,,,,,
79.893517,6.8723063,n670258817,670258817,node,school,Royal Institute Nugegoda,,,,,,,,,,,,,,,,,,,,,,,,,,,,,,,
79.8527947,6.9136106,n667823903,667823903,node,school,St. Micheals College,,,,,,,,,,,,,,,,,,,,,,,,,,,,,,,
79.8533097,6.9137171,n667823900,667823900,node,school,St Mary's Girl School,,,,,,,,,,,,,,,,,,,,,,,,,,,,,,,
79.8672375,6.9005918,n667775848,667775848,node,school,Wycherly Int.School,Colombo 07,,,,,,,,,,,,,,,,,,,,,,,,,,,,,,
79.9230047,6.8033559,n256542591,256542591,node,school,Somaweera Chandrasiri Junior School,Piliyandala,,,,,,,,,,,,,,,,,,,,,,,,,,,,,,
79.9002729,6.9027708,n262607762,262607762,node,school,Gateway College,,,Royal Garden,Q5527219,,,,,,,,,,,,,,,,,,,,,,,,,,,
79.8624412,6.87985,n259648485,259648485,node,school,Kingston College International,,"Colombo, Colombo District, Western Province, Sri Lanka",,,,,,,,,,,,,,,,,,,,,,,,,,,,,
80.0035762,6.8396183,n599742328,599742328,node,school,President's College,Homagama,,Moragahahena Road,,,,,,,,,,,,,,,,,,,,,,,,,,,,
79.9820128,6.816558,n599713336,599713336,node,school,Deepangoda Sri Medhananda Maha Vidyalaya,Deepangoda,,Kottawa-Horana Road,,,,,,,,,,,,,,,,,,,,,,,,,,,,
79.8614288,6.8816677,n269067771,269067771,node,school,Muslim Ladies College,Bambalapitiya,,R. A. De Mel Mawatha,,,,,,,,,,,,,,,,,,,,,,,,,,,,
79.9829103,6.812792,n599762488,599762488,node,school,Deepangoda Primary School,Deepangoda,,Kottawa-Horana Road,,,,,,,,,,,,,,,,,,,,,,,,,,,,
79.966435,6.8295514,n599762465,599762465,node,school,Vidyadeepa Maha Vidyalaya,Mattegoda,,Kottawa-Horana Road,,,,,,,,,,,,,,,,,,,,,,,,,,,,
79.9894893,6.826409,n599742332,599742332,node,school,Niyandagala Kanishta Vidyalaya,,,,,,,,,,,,,,,,,,,,,,,,,,,,,,,
79.9651885,6.8380737,n599742329,599742329,node,school,Kottawa Dharmapala MV,,,,Q6434311,,,,,,,,,,,,,,,,,,,,,,,,,,,
79.9325565,6.8899538,n617205465,617205465,node,school,Vidya Wardana,,,,,,,,,,,,,,,,,,,,,,,,,,,,,,,
79.9584867,6.8655244,n599822883,599822883,node,school,Dharmapala Vidyalaya Kottawa North,,,,,,,,,,,,,,,,,,,,,,,,,,,,,,,
79.9581677,6.8442343,n599822882,599822882,node,school,"Ananda Vidyalaya,  Kottawa",,,Old Kottawa Road,,,,,,,,,,,,,,,,,,,,,,,,,,,,
79.8597128,6.8913335,n599809020,599809020,node,school,Visakha Vidyalaya,,,,,,,,,,,,,,,,,,,,,,,,,,,,,,,
79.8798243,6.926872,n618551719,618551719,node,school,Weluwana Vidyalaya,,,,,,,,,,,,,,,,,,,,,,,,,,,,,,,
79.8685501,6.9243358,n618491025,618491025,node,school,Ananda College,,,,,,monument,department_store,,,,,,,,,,,,,,,,,,,,,,,,
79.9260058,6.8451252,n618005040,618005040,node,school,Vidyakara Balika Vidyalaya,Maharagama,,Maharagama-Dehiwala Road,,christian,,,,,,,,,,,,,,,,,,,,,,,,,,
79.9296221,6.8443786,n618005039,618005039,node,school,President's College,Maharagama,,Mahamegawatte Road,Q19709637,,,,,,,,,,,,,,,,,,,,,,,,,,,
79.8579211,6.9078747,n620382575,620382575,node,school,Ladies College,Colombo 7,,,,,,,,,,,,,,,,,,,,,,,,,,,,,,
79.9249391,6.8488433,n619923261,619923261,node,school,Buwanekaba Vidyalaya,Maharagama,,High Level Road,,,,,,,,,,,,,,,,,,,,,,,,,,,,
79.8885704,6.8730744,n619035512,619035512,node,school,,,,,,,,,,,,,,,,,,,,,,,,,,,,,,,,
79.8805968,6.9235384,n618552113,618552113,node,school,Seewali Vidyalaya,,,,,,,,,,,,,,,,,,,,,,,,,,,,,,,
79.9561321,6.9036373,n620524466,620524466,node,school,Sri Rahula Balika Maha Vidyalaya,,,,,,,,,,,,,,,,,,,,,,,,,,,,,,,
79.8538312,6.9054542,n620382897,620382897,node,school,Mahanama College,Colombo 03,,R.A. De Mel Mawatha,Q13645958,,,,,,,,,,,,,,,,,,,,,,,,,,,
80.0146199,6.8670747,n2724797181,2724797181,node,school,Habarakada Primary School,,,,,,,,,,,,,,,,,,,,,,,,,,,,,,,
79.9965536,6.8643528,n2710652543,2710652543,node,school,Walgama Gunasekara Vidyalaya,,,,,,,,,,,,,,,,,,,,,,,,,,,,,,,
79.8676193,6.8872645,n2646850035,2646850035,node,school,Isipathana College,Thimbirigasyaya,,,,,,,,,,,,,,,,,,,,,,,,,,,,,,
79.9299547,6.8443675,n2552014804,2552014804,node,school,Highland International School,Maharagama,,Mahamegawatte Road,,,,,Private,,,,,,,,,,,,,,,,,,,,,,,
79.9712559,6.9091732,n2760208494,2760208494,node,school,Yashodara Maha Vidyalaya,,,,,,,,,,,,,,,,,,,,,,,,,,,,,,,
80.0254353,6.8631394,n2741745598,2741745598,node,school,Panagoda Sri Parakrama Maha Vidyalaya,,,,,,,,,,,,,,,,,,,,,,,,,,,,,,,
80.0329229,6.8504844,n2741681951,2741681951,node,school,Subharathi Mahamatya Vidyalaya,Godagama,,,,,,,,,,,,,,,,,,,,,,,,,,,,,,
79.9367591,6.9085954,n3133617669,3133617669,node,school,Subhodhi Junior School,,,,,,,,,,,,,,,,,,,,,,,,,,,,,,,
80.0027316,6.8473786,n2916096305,2916096305,node,school,Homagama Kanishta Vidyalaya,Homagama,,Homagama Athurugiriya road,,,,,,,,,,,,,,,,,,,,,,,,,,,,
79.9233938,6.9041507,n3593176175,3593176175,node,school,Lankasaba Primary School,Battaramulla,,New Kandy Road,,,,,,,,,,,,,,,,,,,,,,,,,,,,
79.9716086,6.9155277,n3510759544,3510759544,node,school,Extra-Lesson Classes,,,,,,,,,,,,,,,,,,,,,,,,,,,,,,,
79.8634898,6.933914,n3191711400,3191711400,node,school,Al-Hidaya Vidyalaya,,,,,,,,,,,,,,,,,,Al-Hidaya Vidyalaya,,,,,,,,,,,,,
79.8632817,6.9328504,n3191709199,3191709199,node,school,Sri Sangaraja Central College,Maradana,,Sri Sangaraja Mawatha,,,,,,,,,,,,,,,,,,,,,,,,,,,,
79.944378,6.793973,n3736797732,3736797732,node,school,Dharmasena arugula Balikpapan vidyalaya ,Kesbewa,,Colombo - Horana Road,,,,,,,,,,,,,,,,,,,,,,,,,,,,
79.862655,6.9623332,n3667168812,3667168812,node,school,De La Salle College,,,De La Salle Street,Q15964775,,,,,,130 De La Salle Street,,,,,,,,,,Mo-Fr 07:00-14:00,,,,,,,,,,,
79.877955,6.970149,n3780539885,3780539885,node,school,St. Marys College,,,,,,,,,,,,,,,,,,,,,,,,,,,,,,,
79.874806,6.971356,n3780539884,3780539884,node,school,St. John's Maha Vidyalaya,,,,,,,,,,,,,,,,,,,,,,,,,,,,,,,
79.872006,6.965729,n3780539883,3780539883,node,school,Ananda madya Maha Vidyalaya,,,,,,,,,,,,,,,,,,,,,,,,,,,,,,,
80.0972341,6.856003,n3752537139,3752537139,node,school,Primary School Pitumpe,Meepe,,Ingiriya Road,,,,,,,,,,,,,,,,,,,,,,,,,,,,
79.857811,6.93763,n3780541959,3780541959,node,school,A.E.Gunasinghe Vidyalaya,,,,,,,,,,,,,,,,,,,,,,,,,,,,,,,
79.870589,6.963733,n3780540336,3780540336,node,school,Newmans College,,,,,,,,,,,,,,,,,,,,,,,,,,,,,,,
79.8651151,6.9638521,n3780540335,3780540335,node,school,Mutuwal Hindu College,,,,,,,,,,,,,,,,,,,,,,,,,,,,,,,
79.8781937,6.9675868,n3780539886,3780539886,node,school,Totawatta Methodist College,,,,,,,,,,,,,,,,,,,,,,,,,,,,,,,
79.871373,6.9472,n3780541963,3780541963,node,school,Al Nassar Maha Vidyalaya,,,,,,,,,,,,,,,,,,,,,,,,,,,,,,,
79.858316,6.935806,n3780541962,3780541962,node,school,Al - Hikma College,,,,,,,,,,,,,,,,,,,,,,,,,,,,,,,
79.874892,6.929026,n3780541961,3780541961,node,school,Ai-Hijra Maha Vidyalaya,,,,,,,,,,,,,,,,,,,,,,,,,,,,,,,
79.8685462,6.9572063,n3780541960,3780541960,node,school,Agamethi Vidyalaya,,,,,,,,,,,,,,,,,,,,,,,,,,,,,,,
79.8600947,6.8867428,n1877120233,1877120233,node,school,Belvoir Int. College,,,,,,,,,,,,,,,,,,,,,,,,,,,,,,,
80.1095666,6.9476856,n1862684243,1862684243,node,school,Akarawita Maha Vidyalaya,,,,,,,,,,,,,,,,,,,34.8,,,,,,,,,,,,
79.9165525,6.9378908,n1918174780,1918174780,node,school,Dharmapala Vidyalaya,Kotikawatte,,,,,,,,,,,,,,,,,,,,,,,,,,,,,,
79.9201009,6.9362286,n1918165073,1918165073,node,school,Sri Rajasinghe College,,,,,,,,,,,,,,,,,,,,,,,,,,,,,,,
79.9152261,6.9350605,n1918165069,1918165069,node,school,Soma Devi Girls School,Kotikawatte,,,,,,,,,,,,,,,,,,,,,,,,,,,,,,
79.8665535,6.8840293,n1877145509,1877145509,node,school,Lumbini Vidyalaya,Wellawatte,,,,,,,,,,,,,,,,,,,,,,,,,,,,,,
79.8790579,6.8940815,n2034206149,2034206149,node,school,Vidyawardana Maha Vidyalaya,,,,,,,,,,,,,,,,,,,,,,,,,,,,,,,
79.8717569,6.9376166,n1924788516,1924788516,node,school,Darus Salam Vidyalaya,,,,,,,,,,,,,,,,,,,,,,,,,,,,,,,
79.8986085,6.8639056,n2091753196,2091753196,node,school,Sujatha Vidyalaya Nugegoda,,,,,,,,,,,,,,,,,,,,,,,,,,,,,,,
79.8886441,6.9377124,n2034260174,2034260174,node,school,Sri Rahula Vidyalaya,,,,,,,,,,,,,,,,,,,,,,,,,,,,,,,
79.8808764,6.9289525,n2034242941,2034242941,node,school,Tamil School,,,,,,,,,,,,,,,,,,,,,,,,,,,,,,,
79.884712,6.9131523,n2094344666,2094344666,node,school,Gareway Int. School,,,,,,,,,,,,,,,,,,,,,,,,,,,,,,,
79.8686836,6.9246176,n2094311012,2094311012,node,school,Ananda College,,,,,,,,,,,,,,,,,,,,,,,,,,,,,,,
79.8730444,6.9210551,n2094306182,2094306182,node,school,Sangamitta Balika Vidyalaya,,,,,,,,,,,,,,,,,,,,,,,,,,,,,,,
79.9161897,6.8406688,n2093133903,2093133903,node,school,Sri Chandrarathna Manawasinghe Vidyalaya,Katuwawela,,,,,,,,,,,,,,,,,,,,,,,,,,,,,,
79.909678,6.856095,n2099315134,2099315134,node,school,President's College (Primary Section),Wijerama,,,,,,,,,,,,,,,,,,,,,,,,,,,,,,
79.8643195,6.9097759,n2419520012,2419520012,node,school,St Bridget Convent,Colombo 07,,Albert Crescent,,,,,,,,,,,,,,,,,,,,,,,,,,,,
79.9500434,6.7825033,n2418524068,2418524068,node,school,Hermann Gmeiner School Piliyandala,,,,,,,,,,,SOS College,,,,,,,,,,,,,,,,,,,,
79.8717248,6.899209,n2551994558,2551994558,node,school,Sri Lanka Institute of Development Administration,,,,,,,,,,,,,,,,,,,,,,,,,,,,,,,
80.0536198,6.8813611,n2503479378,2503479378,node,school,WP/HO Batawala Junior School,,,,,,,,,,,,,,,,,,,,,,,,,,,,,,,
79.8656053,6.8945318,n2454937479,2454937479,node,school,International French School of Colombo,Colombo,,Don Carolis Road,,,,,,,8,,,,,,http://www.efic.lk/index.php?option=com_content&view=article&id=65&Itemid=77,,,,,,,,,,,,,,,
79.8858654,6.7671708,n1794115714,1794115714,node,school,Janajaya Vidyalaya,,,,,,,,,,,,,,,,,,,,,,,,,,,,,,,
79.9615868,6.8304653,n1794014674,1794014674,node,school,Dharmapala Adarsha Kanishta Vidyalaya,Kottawa,,Gamunupura 4th Lane,,,,,,,,,,,,,,,,,,,,,,,,,,,,
80.0468501,6.8522951,n1788297004,1788297004,node,school,Meegoda Maha Vidyalaya,,,,,,,,,,,,,,,,,,,,,,,,,,,,,,,
80.0436651,6.8439807,n1788271737,1788271737,node,school,Dharmaraja Vidyalaya,,,,,,,,,,,,,,,,,,,,,,,,,,,,,,,
79.8848622,6.7783575,n1794160058,1794160058,node,school,Moratuwa Maha Vidyalaya,,,,,,,,,,,,,,,,,,,,,,,,,,,,,,,
79.884079,6.7844301,n1794159983,1794159983,node,school,Princess Of Wales' College,,,,Q19895432,,,,,,,,,,,,,,,,,,,,,,,,,,,
79.8811018,6.7727642,n1794115792,1794115792,node,school,Our Lady of Victories Convent,,,,,,,,,,,,,,,,,,,,,,,,,,,,,,,
79.8947381,6.741579,n1794115780,1794115780,node,school,Sri Sunandopananda Maha Vidyalaya,,,,,,,,,,,,,,,,,,,,,,,,,,,,,,,
80.0883829,6.8395546,n1796819703,1796819703,node,school,Siri Piyarathana College,,,,,,,,,,,,,,,,,,,,,,,,,,,,,,,
79.9408452,6.9240694,n1815547061,1815547061,node,school,Ediriweera Sarachchandra College - Himbutana,,,,,,,,,,,,,,,,,,,,,,,,,,,,,,,
79.8505675,6.926897,n1814503074,1814503074,node,school,Defence Service College,,,,,,,,,,,,,,,,,,,,,,,,,,,,,,,
80.0917839,6.8406039,n1796819790,1796819790,node,school,Siri Piyarathana Primary College,,,,,,,,,,,,,,,,,,,,,,,,,,,,,,,
79.8862784,6.8704724,n1838377732,1838377732,node,school,Lyceum International School,Nugegoda WP,,,,,,,,,,,,,,,,,,,,,,,,,,,,,,
79.8867451,6.8707813,n1838371827,1838371827,node,school,St. Joseph's Girls College,Nugegoda WP,,,,,,,,,,,,,,,,,,,,,,,,,,,,,,
79.8845994,6.8719477,n1838371816,1838371816,node,school,Anula Vidyalaya,Nugegoda WP,,,,,,,,,,,,,,,,,,,,,,,,,,,,,,
79.884358,6.8684646,n1838371805,1838371805,node,school,Sakya,,,,,,,,,,,,,,,,,,,,,,,,,,,,,,,
79.8640536,6.9079093,n1839445245,1839445245,node,school,Stafford International School,Colombo 07,,,,,,,,,,,,,,,,,,,,,,,,,,,,,,
79.8647832,6.8571602,n1838453785,1838453785,node,school,Holy Family Convent,Dehiwala,,,,,,,,,,,,,,,,,,,,,,,,,,,,,,
79.8541271,6.8959215,n1838393554,1838393554,node,school,Lindsay Girls College,,,,,,,,,,,,,,,,,,,,,,,,,,,,,,,
80.0834559,6.9079564,n1843502798,1843502798,node,school,Mayadunna Maha Vidyalaya,Hanwella,,,,,,,,,,,,,,,,,,,,,,,,,,,,,,
80.0886393,6.9089095,n1843491283,1843491283,node,school,Rajasinghe National College,Hanwella,,,,,,,,,,,,,,,,,,,,,,,,,,,,,,
79.9835031,6.9303637,n1843534112,1843534112,node,school,Kothalawala Maha Vidyalaya,,,,,,,,,,,,,,,,,,,,,,,,,,,,,,,
80.0996052,6.9181661,n1843502801,1843502801,node,school,St. John Bosco College,,,,,,,,,,,,,,,,,,St. John Bosco College,,,,,,,,,,,,,
80.0865748,6.9017748,n1843502800,1843502800,node,school,Pahathgama Roman Catholic School,,,,,,,,,,,,,,,,,,,,,,,,,,,,,,,
79.8738553,6.8143069,n1252418793,1252418793,node,school,Kothalawalapura Vidyalaya,,,,,,,,,,,,,,,,,,,,,,,,,,,,,,,
79.8890035,6.8160506,n1185558529,1185558529,node,school,,,,,,,,,,,,,,,,,,,,,,,,,,,,,,,,
79.8899613,6.8147858,n1185558525,1185558525,node,school,,,,,,,,,,,,,,,,,,,,,,,,,,,,,,,,
79.9467156,6.9136763,n973582530,973582530,node,school,Thalangama Maha Vidyalaya,,,,,,,,,,,,,,,,,,,,,,,,,,,,,,,
79.894563,6.7921714,n1275847253,1275847253,node,school,Vidyaraja Vidyalaya,,,,,,,,,,,,,,,,,,,,,,,,,,,,,,,
79.908994,6.8069133,n1272998531,1272998531,node,school,Ananda Samarakoon Vidyalaya,Thumbowila,,,,,,,,,,,,,,,,,,,,,,,,,,,,,,
79.9201573,6.8286454,n1272975443,1272975443,node,school,Neelammahara school,,,,,,,,,,,,,,,,,,,,,,,,,,,,,,,
79.8774709,6.8143601,n1252439008,1252439008,node,school,Lalith Athulathmudali Vocational Training Centre,,,,,,,,Asanka,,,,,,,,,,,,,,,,,,,,,,,
79.8608637,6.8918433,n1376567688,1376567688,node,school,Gateway International School,,,,,,,,,,,,,,,,,,,,,,,,,,,,,,,
79.8735164,6.8864053,n1369195834,1369195834,node,school,Ilma International Girls School,Narahenpita,,Thalakotuwa Gradens,,,,,,,,,,,,,,,,,,,,,,,,,,,,
79.8693635,6.8842085,n1369195823,1369195823,node,school,Amal International School,Havelock Town,,Udyana Pura Road,Q4739194,,,,,,,,,,,,,,,,,,,,,,,,,,,
79.8809938,6.7821556,n1278007306,1278007306,node,school,,,,,,,,,,,,,,,,,,,,,,,,,,,,,,,,
79.946069,6.856859,n1530607218,1530607218,node,school,Louvre Int. School,,,,,,,,,,,,,,,,,,,,,,,,,,,,,,,
79.8658406,6.8584502,n1378571809,1378571809,node,school,Alethea International School,Dehiwala,,,,,,,,,,,,,,,,,,,,,,,,,,,,,,
79.859852,6.8651502,n1376767624,1376767624,node,school,Informatics Institute of Technology,,,,Q6030601,,,,,,,,,,,,,,,,,,,,,,,,,,,
79.8709059,6.9158241,n1376569757,1376569757,node,school,St Nicholas International School,,,,,,,,,,,,,,,,,,,,,,,,,,,,,,,
79.9224078,6.8519965,n1651231509,1651231509,node,school,Buwanekaba Vidyala (Primary),Maharagama,,,,,,,,,,,,,,,,,,,,,,,,,,,,,,
79.8806232,6.8143135,n1650248535,1650248535,node,school,Technical College,,,,,,,,,,,,,,,,,,,,,,,,,,,,,,,
79.8881097,6.7976656,n1650240695,1650240695,node,school,A T I,,,,,,,,,,,,,,,,,,,,,,,,,,,,,,,
79.8677567,6.8465091,n1533913616,1533913616,node,school,,,,,,,,,,,,,,,,,,,,,,,,,,,,,,,,
79.8680072,6.8844234,n1651294568,1651294568,node,school,Royal Institute,Havelock Town,,Havelock Road,,,,,,,,,,,,,,,,,,,,,,,,,,,,
79.8997064,6.8800909,n1651265548,1651265548,node,school,St.Thomas College,,,,,,,,,,,,,,,,,,,,,,,,,,,,,,,
79.9115636,6.8654741,n1651265545,1651265545,node,school,OxFord,Embuldeniya,,,,,,,,,,,,,,,,,,,,,,,,,,,,,,
79.9244302,6.8483694,n1651231510,1651231510,node,school,I E M,Maharagama,,,,,,,,,,,,,,,,,,,,,,,,,,,,,,
79.8925781,6.8680634,n1661966178,1661966178,node,school,Louvre Int. School,Nugegoda,,,,,,,,,,,,,,,,,,,,,,,,,,,,,,
79.871679,6.8295265,n1654309527,1654309527,node,school,"Lalith Athulathmudali College, Mt.Lavinia",,,,,,,,,,,,,,,,,,,,,,,,,,,,,,,
79.9052604,6.859935,n1651300237,1651300237,node,school,Samudradevi Primary School,Wijerama,,,,,,,,,,,,,,,,,,,,,,,,,,,,,,
79.8904519,6.8709411,n1651300225,1651300225,node,school,Rotary,,,,,,,,,,,,,,,,,,,,,,,,,,,,,,,
79.9773126,6.8451578,n1736059667,1736059667,node,school,,,,,,,,,,,,,,,,,,,,,,,,,,,,,,,,
79.8551997,6.9147219,n1723588916,1723588916,node,school,Bishop's College,,,,,,,,,,,,,,,,,,,,,,,,,,,,,,,
79.9007183,6.864772,n1694066040,1694066040,node,school,Rotary Int. School,Delkanda,,,,,,,,,,,,,,,,,,,,,,,,,,,,,,
79.864764,6.927111,n3780547686,3780547686,node,school,Zahira College,,,,,,,,,,,,,,,,,,,,,,,,,,,,,,,
79.872403,6.916934,n3780547685,3780547685,node,school,Yasodara Balika Maha Vidyalaya,,,,,,,,,,,,,,,,,,,,,,,,,,,,,,,
79.859726,6.942233,n3780547684,3780547684,node,school,Wolfendhal Girls' High School,,,,,,,,,,,,,,,,,,,,,,,,,,,,,,,
79.876367,6.920528,n3780547682,3780547682,node,school,Wesley College Play Ground,,,,,,,,,,,,,,,,,,,,,,,,,,,,,,,
79.8827918,6.7785817,n3858236315,3858236315,node,school,Weera Puran Appu Vidyalaya,,,,,,,,,,,,,,,,,,,,,,,,,,,,,,,
79.9372992,6.8489027,n3844292092,3844292092,node,school,Bauddha Kanishta Vidyalaya,,,,,,,,,,,,,,,,,,,,,,,,,,,,,,,
79.9071818,6.8841135,n3811213342,3811213342,node,school,Ananda Sasthralaya School Ground,,,,,,,,Ananda Sasthralaya,,,,,,,,,,,,,,,,,,,,,,,
79.8571969,6.8883288,n3784216833,3784216833,node,,,,,,,,,,,,,,,,,,,,,,,,,,zebra,crossing,,,,,,
79.8737483,6.9629673,n3954317296,3954317296,node,school,Usmaniyah Arabic College,,,,,,,,,,,,,,,,,,,,,,,,,,,,,,,
79.8717114,6.9609944,n3954317213,3954317213,node,school,St. Anthony's SinhalaMixed School,,,,,,,,,,,,,,,,,,,,,,,,,,,,,,,
79.8720936,6.9607099,n3954317212,3954317212,node,school,St. Anthony's Tamil Maha Vidyalaya,,,,,,,,,,,,,,,,,,,,,,,,,,,,,,,
